GAME_ID,EVENTNUM,EVENTMSGTYPE,EVENTMSGACTIONTYPE,PERIOD,WCTIMESTRING,PCTIMESTRING,HOMEDESCRIPTION,NEUTRALDESCRIPTION,VISITORDESCRIPTION,SCORE,SCOREMARGIN,PERSON1TYPE,PLAYER1_ID,PLAYER1_NAME,PLAYER1_TEAM_ID,PLAYER1_TEAM_CITY,PLAYER1_TEAM_NICKNAME,PLAYER1_TEAM_ABBREVIATION,PERSON2TYPE,PLAYER2_ID,PLAYER2_NAME,PLAYER2_TEAM_ID,PLAYER2_TEAM_CITY,PLAYER2_TEAM_NICKNAME,PLAYER2_TEAM_ABBREVIATION,PERSON3TYPE,PLAYER3_ID,PLAYER3_NAME,PLAYER3_TEAM_ID,PLAYER3_TEAM_CITY,PLAYER3_TEAM_NICKNAME,PLAYER3_TEAM_ABBREVIATION
0021500495,0,12,0,1,3:11 PM,12:00,,,,,,0.0,0,,,,,,0,0,,,,,,0,0,,,,,
0021500495,1,10,0,1,3:11 PM,12:00,Jump Ball Johnson vs. Lopez: Tip to Young,,,,,4.0,101161,Amir Johnson,1610612738.0,Boston,Celtics,BOS,5,201572,Brook Lopez,1610612751.0,Brooklyn,Nets,BKN,5,201152,Thaddeus Young,1610612751.0,Brooklyn,Nets,BKN
0021500495,2,1,44,1,3:11 PM,11:42,,,Young 1' Reverse Layup (2 PTS) (Johnson 1 AST),2 - 0,-2,5.0,201152,Thaddeus Young,1610612751.0,Brooklyn,Nets,BKN,5,2207,Joe Johnson,1610612751.0,Brooklyn,Nets,BKN,0,0,,,,,
0021500495,3,5,1,1,3:11 PM,11:32,Sullinger Bad Pass Turnover (P1.T1),,Lopez STEAL (1 STL),,,4.0,203096,Jared Sullinger,1610612738.0,Boston,Celtics,BOS,5,201572,Brook Lopez,1610612751.0,Brooklyn,Nets,BKN,0,0,,,,,
0021500495,4,2,1,1,3:12 PM,11:14,,,MISS Young 21' Jump Shot,,,5.0,201152,Thaddeus Young,1610612751.0,Brooklyn,Nets,BKN,0,0,,,,,,0,0,,,,,
0021500495,5,4,0,1,3:12 PM,11:13,Bradley REBOUND (Off:0 Def:1),,,,,4.0,202340,Avery Bradley,1610612738.0,Boston,Celtics,BOS,0,0,,,,,,0,0,,,,,
0021500495,6,6,1,1,3:12 PM,11:05,,,Young P.FOUL (P1.T1) (Z.Zarba),,,5.0,201152,Thaddeus Young,1610612751.0,Brooklyn,Nets,BKN,4,203096,Jared Sullinger,1610612738.0,Boston,Celtics,BOS,1,0,,,,,
0021500495,7,6,26,1,3:12 PM,11:01,Sullinger Offensive Charge Foul (P1.T1) (K.Fitzgerald),,,,,4.0,203096,Jared Sullinger,1610612738.0,Boston,Celtics,BOS,5,201152,Thaddeus Young,1610612751.0,Brooklyn,Nets,BKN,1,0,,,,,
0021500495,8,5,5,1,3:12 PM,11:01,Sullinger Foul Turnover (P2.T2),,,,,4.0,203096,Jared Sullinger,1610612738.0,Boston,Celtics,BOS,0,0,,,,,,1,0,,,,,
0021500495,9,1,63,1,3:13 PM,10:44,,,Lopez 8' Fadeaway Jumper (2 PTS) (Jack 1 AST),4 - 0,-4,5.0,201572,Brook Lopez,1610612751.0,Brooklyn,Nets,BKN,5,101127,Jarrett Jack,1610612751.0,Brooklyn,Nets,BKN,0,0,,,,,
0021500495,10,2,1,1,3:13 PM,10:29,MISS Thomas 25' 3PT Jump Shot,,,,,4.0,202738,Isaiah Thomas,1610612738.0,Boston,Celtics,BOS,0,0,,,,,,0,0,,,,,
0021500495,11,4,0,1,3:13 PM,10:28,,,Lopez REBOUND (Off:0 Def:1),,,5.0,201572,Brook Lopez,1610612751.0,Brooklyn,Nets,BKN,0,0,,,,,,0,0,,,,,
0021500495,12,2,1,1,3:13 PM,10:21,Sullinger BLOCK (1 BLK),,MISS Bogdanovic 4' Jump Shot,,,5.0,202711,Bojan Bogdanovic,1610612751.0,Brooklyn,Nets,BKN,0,0,,,,,,4,203096,Jared Sullinger,1610612738.0,Boston,Celtics,BOS
0021500495,13,4,0,1,3:13 PM,10:20,Crowder REBOUND (Off:0 Def:1),,,,,4.0,203109,Jae Crowder,1610612738.0,Boston,Celtics,BOS,0,0,,,,,,0,0,,,,,
0021500495,14,2,79,1,3:13 PM,10:04,MISS Crowder 19' Pullup Jump Shot,,,,,4.0,203109,Jae Crowder,1610612738.0,Boston,Celtics,BOS,0,0,,,,,,0,0,,,,,
0021500495,15,4,0,1,3:13 PM,10:03,,,Lopez REBOUND (Off:0 Def:2),,,5.0,201572,Brook Lopez,1610612751.0,Brooklyn,Nets,BKN,0,0,,,,,,0,0,,,,,
0021500495,16,1,5,1,3:13 PM,9:58,,,Bogdanovic  Layup (2 PTS) (Jack 2 AST),6 - 0,-6,5.0,202711,Bojan Bogdanovic,1610612751.0,Brooklyn,Nets,BKN,5,101127,Jarrett Jack,1610612751.0,Brooklyn,Nets,BKN,0,0,,,,,
0021500495,17,9,1,1,3:14 PM,9:58,CELTICS Timeout: Regular (Full 1 Short 0),,,,,2.0,1610612738,,,,,,0,0,,,,,,0,0,,,,,
0021500495,19,2,1,1,3:16 PM,9:43,MISS Thomas 18' Jump Shot,,,,,4.0,202738,Isaiah Thomas,1610612738.0,Boston,Celtics,BOS,0,0,,,,,,0,0,,,,,
0021500495,20,4,0,1,3:16 PM,9:42,,,Jack REBOUND (Off:0 Def:1),,,5.0,101127,Jarrett Jack,1610612751.0,Brooklyn,Nets,BKN,0,0,,,,,,0,0,,,,,
0021500495,21,6,1,1,3:16 PM,9:34,Johnson P.FOUL (P1.T2) (Z.Zarba),,,,,4.0,101161,Amir Johnson,1610612738.0,Boston,Celtics,BOS,5,201572,Brook Lopez,1610612751.0,Brooklyn,Nets,BKN,1,0,,,,,
0021500495,22,1,66,1,3:17 PM,9:19,,,Lopez 7' Jump Bank Shot (4 PTS),8 - 0,-8,5.0,201572,Brook Lopez,1610612751.0,Brooklyn,Nets,BKN,0,0,,,,,,0,0,,,,,
0021500495,23,1,1,1,3:17 PM,9:07,Bradley 20' Jump Shot (2 PTS) (Crowder 1 AST),,,8 - 2,-6,4.0,202340,Avery Bradley,1610612738.0,Boston,Celtics,BOS,4,203109,Jae Crowder,1610612738.0,Boston,Celtics,BOS,0,0,,,,,
0021500495,24,6,1,1,3:17 PM,9:00,Bradley P.FOUL (P1.T3) (K.Fitzgerald),,,,,4.0,202340,Avery Bradley,1610612738.0,Boston,Celtics,BOS,5,202711,Bojan Bogdanovic,1610612751.0,Brooklyn,Nets,BKN,1,0,,,,,
0021500495,25,1,1,1,3:18 PM,8:55,,,Lopez 12' Jump Shot (6 PTS) (Jack 3 AST),10 - 2,-8,5.0,201572,Brook Lopez,1610612751.0,Brooklyn,Nets,BKN,5,101127,Jarrett Jack,1610612751.0,Brooklyn,Nets,BKN,0,0,,,,,
0021500495,26,6,2,1,3:18 PM,8:55,Crowder S.FOUL (P1.T4) (Z.Zarba),,,,,4.0,203109,Jae Crowder,1610612738.0,Boston,Celtics,BOS,5,201572,Brook Lopez,1610612751.0,Brooklyn,Nets,BKN,1,0,,,,,
0021500495,27,3,10,1,3:18 PM,8:55,,,Lopez Free Throw 1 of 1 (7 PTS),11 - 2,-9,5.0,201572,Brook Lopez,1610612751.0,Brooklyn,Nets,BKN,0,0,,,,,,0,0,,,,,
0021500495,29,2,1,1,3:18 PM,8:46,MISS Bradley 21' Jump Shot,,,,,4.0,202340,Avery Bradley,1610612738.0,Boston,Celtics,BOS,0,0,,,,,,0,0,,,,,
0021500495,31,4,0,1,3:18 PM,8:45,Johnson REBOUND (Off:1 Def:0),,,,,4.0,101161,Amir Johnson,1610612738.0,Boston,Celtics,BOS,0,0,,,,,,0,0,,,,,
0021500495,30,1,87,1,3:18 PM,8:45,Johnson  Putback Dunk (2 PTS),,,11 - 4,-7,4.0,101161,Amir Johnson,1610612738.0,Boston,Celtics,BOS,0,0,,,,,,0,0,,,,,
0021500495,32,2,5,1,3:18 PM,8:28,,,MISS Young 2' Layup,,,5.0,201152,Thaddeus Young,1610612751.0,Brooklyn,Nets,BKN,0,0,,,,,,0,0,,,,,
0021500495,33,4,0,1,3:18 PM,8:27,Crowder REBOUND (Off:0 Def:2),,,,,4.0,203109,Jae Crowder,1610612738.0,Boston,Celtics,BOS,0,0,,,,,,0,0,,,,,
0021500495,36,6,2,1,3:19 PM,8:25,,,Johnson S.FOUL (P1.T2) (K.Fitzgerald),,,5.0,2207,Joe Johnson,1610612751.0,Brooklyn,Nets,BKN,4,203109,Jae Crowder,1610612738.0,Boston,Celtics,BOS,1,0,,,,,
0021500495,37,3,11,1,3:19 PM,8:25,Crowder Free Throw 1 of 2 (1 PTS),,,11 - 5,-6,4.0,203109,Jae Crowder,1610612738.0,Boston,Celtics,BOS,0,0,,,,,,0,0,,,,,
0021500495,39,3,12,1,3:19 PM,8:25,Crowder Free Throw 2 of 2 (2 PTS),,,11 - 6,-5,4.0,203109,Jae Crowder,1610612738.0,Boston,Celtics,BOS,0,0,,,,,,0,0,,,,,
0021500495,41,9,1,1,3:19 PM,8:22,,,Nets Timeout: Regular (Reg.1 Short 0),,,3.0,1610612751,,,,,,0,0,,,,,,0,0,,,,,
0021500495,43,2,1,1,3:22 PM,8:05,Johnson BLOCK (1 BLK),,MISS Young 4' Jump Shot,,,5.0,201152,Thaddeus Young,1610612751.0,Brooklyn,Nets,BKN,0,0,,,,,,4,101161,Amir Johnson,1610612738.0,Boston,Celtics,BOS
0021500495,45,4,0,1,3:22 PM,8:04,,,Young REBOUND (Off:1 Def:0),,,5.0,201152,Thaddeus Young,1610612751.0,Brooklyn,Nets,BKN,0,0,,,,,,0,0,,,,,
0021500495,44,2,5,1,3:22 PM,8:04,Johnson BLOCK (2 BLK),,MISS Young  Layup,,,5.0,201152,Thaddeus Young,1610612751.0,Brooklyn,Nets,BKN,0,0,,,,,,4,101161,Amir Johnson,1610612738.0,Boston,Celtics,BOS
0021500495,46,4,0,1,3:22 PM,8:03,Crowder REBOUND (Off:0 Def:3),,,,,4.0,203109,Jae Crowder,1610612738.0,Boston,Celtics,BOS,0,0,,,,,,0,0,,,,,
0021500495,47,1,75,1,3:22 PM,7:51,Crowder 2' Driving Finger Roll Layup (4 PTS) (Thomas 1 AST),,,11 - 8,-3,4.0,203109,Jae Crowder,1610612738.0,Boston,Celtics,BOS,4,202738,Isaiah Thomas,1610612738.0,Boston,Celtics,BOS,0,0,,,,,
0021500495,48,2,1,1,3:23 PM,7:33,,,MISS Lopez 17' Jump Shot,,,5.0,201572,Brook Lopez,1610612751.0,Brooklyn,Nets,BKN,0,0,,,,,,0,0,,,,,
0021500495,49,4,0,1,3:23 PM,7:32,Thomas REBOUND (Off:0 Def:1),,,,,4.0,202738,Isaiah Thomas,1610612738.0,Boston,Celtics,BOS,0,0,,,,,,0,0,,,,,
0021500495,50,1,1,1,3:23 PM,7:18,Sullinger 21' Jump Shot (2 PTS) (Crowder 2 AST),,,11 - 10,-1,4.0,203096,Jared Sullinger,1610612738.0,Boston,Celtics,BOS,4,203109,Jae Crowder,1610612738.0,Boston,Celtics,BOS,0,0,,,,,
0021500495,51,1,5,1,3:23 PM,7:09,,,Lopez 2' Layup (9 PTS) (Jack 4 AST),13 - 10,-3,5.0,201572,Brook Lopez,1610612751.0,Brooklyn,Nets,BKN,5,101127,Jarrett Jack,1610612751.0,Brooklyn,Nets,BKN,0,0,,,,,
0021500495,52,6,2,1,3:23 PM,7:09,Johnson S.FOUL (P2.PN) (K.Fitzgerald),,,,,4.0,101161,Amir Johnson,1610612738.0,Boston,Celtics,BOS,5,201572,Brook Lopez,1610612751.0,Brooklyn,Nets,BKN,1,0,,,,,
0021500495,53,3,10,1,3:23 PM,7:09,,,Lopez Free Throw 1 of 1 (10 PTS),14 - 10,-4,5.0,201572,Brook Lopez,1610612751.0,Brooklyn,Nets,BKN,0,0,,,,,,0,0,,,,,
0021500495,55,2,5,1,3:24 PM,6:51,MISS Sullinger 3' Layup,,Lopez BLOCK (1 BLK),,,4.0,203096,Jared Sullinger,1610612738.0,Boston,Celtics,BOS,0,0,,,,,,5,201572,Brook Lopez,1610612751.0,Brooklyn,Nets,BKN
0021500495,57,4,0,1,3:24 PM,6:50,Sullinger REBOUND (Off:1 Def:0),,,,,4.0,203096,Jared Sullinger,1610612738.0,Boston,Celtics,BOS,0,0,,,,,,0,0,,,,,
0021500495,56,1,72,1,3:24 PM,6:49,Sullinger 2' Putback Layup (4 PTS),,,14 - 12,-2,4.0,203096,Jared Sullinger,1610612738.0,Boston,Celtics,BOS,0,0,,,,,,0,0,,,,,
0021500495,58,2,1,1,3:24 PM,6:28,,,MISS Bogdanovic  3PT Jump Shot,,,5.0,202711,Bojan Bogdanovic,1610612751.0,Brooklyn,Nets,BKN,0,0,,,,,,0,0,,,,,
0021500495,59,4,0,1,3:24 PM,6:27,Sullinger REBOUND (Off:1 Def:1),,,,,4.0,203096,Jared Sullinger,1610612738.0,Boston,Celtics,BOS,0,0,,,,,,0,0,,,,,
0021500495,60,1,79,1,3:24 PM,6:21,Thomas 26' 3PT Pullup Jump Shot (3 PTS),,,14 - 15,1,4.0,202738,Isaiah Thomas,1610612738.0,Boston,Celtics,BOS,0,0,,,,,,0,0,,,,,
0021500495,61,1,1,1,3:25 PM,6:00,,,Johnson 24' 3PT Jump Shot (3 PTS) (Bogdanovic 1 AST),17 - 15,-2,5.0,2207,Joe Johnson,1610612751.0,Brooklyn,Nets,BKN,5,202711,Bojan Bogdanovic,1610612751.0,Brooklyn,Nets,BKN,0,0,,,,,
0021500495,62,1,1,1,3:25 PM,5:50,Crowder 26' 3PT Jump Shot (7 PTS) (Thomas 2 AST),,,17 - 18,1,4.0,203109,Jae Crowder,1610612738.0,Boston,Celtics,BOS,4,202738,Isaiah Thomas,1610612738.0,Boston,Celtics,BOS,0,0,,,,,
0021500495,63,1,1,1,3:25 PM,5:34,,,Johnson 20' Jump Shot (5 PTS) (Jack 5 AST),19 - 18,-1,5.0,2207,Joe Johnson,1610612751.0,Brooklyn,Nets,BKN,5,101127,Jarrett Jack,1610612751.0,Brooklyn,Nets,BKN,0,0,,,,,
0021500495,64,2,1,1,3:25 PM,5:24,MISS Bradley 26' 3PT Jump Shot,,,,,4.0,202340,Avery Bradley,1610612738.0,Boston,Celtics,BOS,0,0,,,,,,0,0,,,,,
0021500495,66,4,0,1,3:25 PM,5:23,Johnson REBOUND (Off:2 Def:0),,,,,4.0,101161,Amir Johnson,1610612738.0,Boston,Celtics,BOS,0,0,,,,,,0,0,,,,,
0021500495,65,1,87,1,3:25 PM,5:23,Johnson  Putback Dunk (4 PTS),,,19 - 20,1,4.0,101161,Amir Johnson,1610612738.0,Boston,Celtics,BOS,0,0,,,,,,0,0,,,,,
0021500495,67,1,101,1,3:26 PM,5:01,,,Johnson 9' Driving Floating Jump Shot (7 PTS) (Jack 6 AST),21 - 20,-1,5.0,2207,Joe Johnson,1610612751.0,Brooklyn,Nets,BKN,5,101127,Jarrett Jack,1610612751.0,Brooklyn,Nets,BKN,0,0,,,,,
0021500495,68,2,1,1,3:26 PM,4:54,MISS Crowder 6' Jump Shot,,,,,4.0,203109,Jae Crowder,1610612738.0,Boston,Celtics,BOS,0,0,,,,,,0,0,,,,,
0021500495,69,4,0,1,3:26 PM,4:53,,,Nets Rebound,,,3.0,1610612751,,,,,,0,0,,,,,,0,0,,,,,
0021500495,70,8,0,1,3:26 PM,4:53,SUB: Olynyk FOR Johnson,,,,,4.0,101161,Amir Johnson,1610612738.0,Boston,Celtics,BOS,4,203482,Kelly Olynyk,1610612738.0,Boston,Celtics,BOS,0,0,,,,,
0021500495,71,8,0,1,3:26 PM,4:53,,,SUB: Reed FOR Lopez,,,5.0,201572,Brook Lopez,1610612751.0,Brooklyn,Nets,BKN,5,203186,Willie Reed,1610612751.0,Brooklyn,Nets,BKN,0,0,,,,,
0021500495,72,8,0,1,3:26 PM,4:53,SUB: Turner FOR Bradley,,,,,4.0,202340,Avery Bradley,1610612738.0,Boston,Celtics,BOS,4,202323,Evan Turner,1610612738.0,Boston,Celtics,BOS,0,0,,,,,
0021500495,73,2,86,1,3:26 PM,4:32,,,MISS Johnson 11' Turnaround Fadeaway Shot,,,5.0,2207,Joe Johnson,1610612751.0,Brooklyn,Nets,BKN,0,0,,,,,,0,0,,,,,
0021500495,74,4,0,1,3:27 PM,4:30,,,Reed REBOUND (Off:1 Def:0),,,5.0,203186,Willie Reed,1610612751.0,Brooklyn,Nets,BKN,0,0,,,,,,0,0,,,,,
0021500495,75,2,1,1,3:27 PM,4:23,,,MISS Bogdanovic 25' 3PT Jump Shot,,,5.0,202711,Bojan Bogdanovic,1610612751.0,Brooklyn,Nets,BKN,0,0,,,,,,0,0,,,,,
0021500495,77,4,0,1,3:27 PM,4:21,,,Reed REBOUND (Off:2 Def:0),,,5.0,203186,Willie Reed,1610612751.0,Brooklyn,Nets,BKN,0,0,,,,,,0,0,,,,,
0021500495,76,1,72,1,3:27 PM,4:21,,,Reed 1' Putback Layup (2 PTS),23 - 20,-3,5.0,203186,Willie Reed,1610612751.0,Brooklyn,Nets,BKN,0,0,,,,,,0,0,,,,,
0021500495,78,1,1,1,3:27 PM,4:03,Sullinger 25' 3PT Jump Shot (7 PTS) (Crowder 3 AST),,,23 - 23,TIE,4.0,203096,Jared Sullinger,1610612738.0,Boston,Celtics,BOS,4,203109,Jae Crowder,1610612738.0,Boston,Celtics,BOS,0,0,,,,,
0021500495,79,5,1,1,3:27 PM,3:46,Sullinger STEAL (1 STL),,Johnson Bad Pass Turnover (P1.T1),,,5.0,2207,Joe Johnson,1610612751.0,Brooklyn,Nets,BKN,4,203096,Jared Sullinger,1610612738.0,Boston,Celtics,BOS,0,0,,,,,
0021500495,80,1,43,1,3:27 PM,3:40,Olynyk 1' Alley Oop Layup (2 PTS) (Thomas 3 AST),,,23 - 25,2,4.0,203482,Kelly Olynyk,1610612738.0,Boston,Celtics,BOS,4,202738,Isaiah Thomas,1610612738.0,Boston,Celtics,BOS,0,0,,,,,
0021500495,81,2,3,1,3:28 PM,3:18,,,MISS Young 9' Hook Shot,,,5.0,201152,Thaddeus Young,1610612751.0,Brooklyn,Nets,BKN,0,0,,,,,,0,0,,,,,
0021500495,82,4,0,1,3:28 PM,3:17,Sullinger REBOUND (Off:1 Def:2),,,,,4.0,203096,Jared Sullinger,1610612738.0,Boston,Celtics,BOS,0,0,,,,,,0,0,,,,,
0021500495,83,1,75,1,3:28 PM,3:09,Thomas 1' Driving Finger Roll Layup (5 PTS),,,23 - 27,4,4.0,202738,Isaiah Thomas,1610612738.0,Boston,Celtics,BOS,0,0,,,,,,0,0,,,,,
0021500495,84,9,2,1,3:28 PM,3:08,,,Nets Timeout: Short (Reg.1 Short 1),,,3.0,1610612751,,,,,,0,0,,,,,,0,0,,,,,
0021500495,92,8,0,1,3:28 PM,3:08,,,SUB: Lopez FOR Bogdanovic,,,5.0,202711,Bojan Bogdanovic,1610612751.0,Brooklyn,Nets,BKN,5,201572,Brook Lopez,1610612751.0,Brooklyn,Nets,BKN,0,0,,,,,
0021500495,86,8,0,1,3:29 PM,3:08,SUB: Zeller FOR Sullinger,,,,,4.0,203096,Jared Sullinger,1610612738.0,Boston,Celtics,BOS,4,203092,Tyler Zeller,1610612738.0,Boston,Celtics,BOS,0,0,,,,,
0021500495,87,8,0,1,3:29 PM,3:08,,,SUB: Ellington FOR Young,,,5.0,201152,Thaddeus Young,1610612751.0,Brooklyn,Nets,BKN,5,201961,Wayne Ellington,1610612751.0,Brooklyn,Nets,BKN,0,0,,,,,
0021500495,88,1,1,1,3:29 PM,2:57,,,Johnson 18' Jump Shot (9 PTS) (Ellington 1 AST),25 - 27,2,5.0,2207,Joe Johnson,1610612751.0,Brooklyn,Nets,BKN,5,201961,Wayne Ellington,1610612751.0,Brooklyn,Nets,BKN,0,0,,,,,
0021500495,89,2,1,1,3:30 PM,2:39,MISS Thomas 26' 3PT Jump Shot,,,,,4.0,202738,Isaiah Thomas,1610612738.0,Boston,Celtics,BOS,0,0,,,,,,0,0,,,,,
0021500495,90,4,0,1,3:30 PM,2:38,,,Ellington REBOUND (Off:0 Def:1),,,5.0,201961,Wayne Ellington,1610612751.0,Brooklyn,Nets,BKN,0,0,,,,,,0,0,,,,,
0021500495,91,5,4,1,3:30 PM,2:29,,,Lopez Traveling Turnover (P1.T2),,,5.0,201572,Brook Lopez,1610612751.0,Brooklyn,Nets,BKN,0,0,,,,,,1,0,,,,,
0021500495,93,2,1,1,3:30 PM,2:09,MISS Zeller 20' Jump Shot,,,,,4.0,203092,Tyler Zeller,1610612738.0,Boston,Celtics,BOS,0,0,,,,,,0,0,,,,,
0021500495,94,4,0,1,3:31 PM,2:08,,,Reed REBOUND (Off:2 Def:1),,,5.0,203186,Willie Reed,1610612751.0,Brooklyn,Nets,BKN,0,0,,,,,,0,0,,,,,
0021500495,95,2,3,1,3:31 PM,1:57,,,MISS Lopez 8' Hook Shot,,,5.0,201572,Brook Lopez,1610612751.0,Brooklyn,Nets,BKN,0,0,,,,,,0,0,,,,,
0021500495,96,4,0,1,3:31 PM,1:56,Olynyk REBOUND (Off:0 Def:1),,,,,4.0,203482,Kelly Olynyk,1610612738.0,Boston,Celtics,BOS,0,0,,,,,,0,0,,,,,
0021500495,97,5,1,1,3:31 PM,1:49,Thomas Bad Pass Turnover (P1.T3),,Ellington STEAL (1 STL),,,4.0,202738,Isaiah Thomas,1610612738.0,Boston,Celtics,BOS,5,201961,Wayne Ellington,1610612751.0,Brooklyn,Nets,BKN,0,0,,,,,
0021500495,98,1,98,1,3:31 PM,1:43,,,Reed 1' Cutting Layup Shot (4 PTS) (Jack 7 AST),27 - 27,TIE,5.0,203186,Willie Reed,1610612751.0,Brooklyn,Nets,BKN,5,101127,Jarrett Jack,1610612751.0,Brooklyn,Nets,BKN,0,0,,,,,
0021500495,99,6,1,1,3:31 PM,1:30,,,Jack P.FOUL (P1.T3) (B.Taylor),,,5.0,101127,Jarrett Jack,1610612751.0,Brooklyn,Nets,BKN,4,202738,Isaiah Thomas,1610612738.0,Boston,Celtics,BOS,1,0,,,,,
0021500495,100,8,0,1,3:31 PM,1:30,SUB: Smart FOR Thomas,,,,,4.0,202738,Isaiah Thomas,1610612738.0,Boston,Celtics,BOS,4,203935,Marcus Smart,1610612738.0,Boston,Celtics,BOS,0,0,,,,,
0021500495,101,8,0,1,3:31 PM,1:30,SUB: Jerebko FOR Crowder,,,,,4.0,203109,Jae Crowder,1610612738.0,Boston,Celtics,BOS,4,201973,Jonas Jerebko,1610612738.0,Boston,Celtics,BOS,0,0,,,,,
0021500495,102,8,0,1,3:32 PM,1:30,,,SUB: Bogdanovic FOR Johnson,,,5.0,2207,Joe Johnson,1610612751.0,Brooklyn,Nets,BKN,5,202711,Bojan Bogdanovic,1610612751.0,Brooklyn,Nets,BKN,0,0,,,,,
0021500495,103,6,2,1,3:32 PM,1:19,,,Bogdanovic S.FOUL (P1.PN) (K.Fitzgerald),,,5.0,202711,Bojan Bogdanovic,1610612751.0,Brooklyn,Nets,BKN,4,201973,Jonas Jerebko,1610612738.0,Boston,Celtics,BOS,1,0,,,,,
0021500495,104,3,11,1,3:32 PM,1:19,Jerebko Free Throw 1 of 2 (1 PTS),,,27 - 28,1,4.0,201973,Jonas Jerebko,1610612738.0,Boston,Celtics,BOS,0,0,,,,,,0,0,,,,,
0021500495,106,3,12,1,3:32 PM,1:19,Jerebko Free Throw 2 of 2 (2 PTS),,,27 - 29,2,4.0,201973,Jonas Jerebko,1610612738.0,Boston,Celtics,BOS,0,0,,,,,,0,0,,,,,
0021500495,109,2,1,1,3:33 PM,1:03,,,MISS Jack 21' Jump Shot,,,5.0,101127,Jarrett Jack,1610612751.0,Brooklyn,Nets,BKN,0,0,,,,,,0,0,,,,,
0021500495,110,4,0,1,3:33 PM,1:02,Jerebko REBOUND (Off:0 Def:1),,,,,4.0,201973,Jonas Jerebko,1610612738.0,Boston,Celtics,BOS,0,0,,,,,,0,0,,,,,
0021500495,112,2,1,1,3:33 PM,0:54,MISS Turner 20' Jump Shot,,,,,4.0,202323,Evan Turner,1610612738.0,Boston,Celtics,BOS,0,0,,,,,,0,0,,,,,
0021500495,113,4,0,1,3:33 PM,0:53,,,Bogdanovic REBOUND (Off:0 Def:1),,,5.0,202711,Bojan Bogdanovic,1610612751.0,Brooklyn,Nets,BKN,0,0,,,,,,0,0,,,,,
0021500495,115,1,42,1,3:33 PM,0:44,,,Bogdanovic 1' Driving Layup (4 PTS),29 - 29,TIE,5.0,202711,Bojan Bogdanovic,1610612751.0,Brooklyn,Nets,BKN,0,0,,,,,,0,0,,,,,
0021500495,116,6,26,1,3:33 PM,0:41,Olynyk Offensive Charge Foul (P1.PN) (Z.Zarba),,,,,4.0,203482,Kelly Olynyk,1610612738.0,Boston,Celtics,BOS,5,101127,Jarrett Jack,1610612751.0,Brooklyn,Nets,BKN,1,0,,,,,
0021500495,117,5,5,1,3:33 PM,0:41,Olynyk Foul Turnover (P1.T4),,,,,4.0,203482,Kelly Olynyk,1610612738.0,Boston,Celtics,BOS,0,0,,,,,,1,0,,,,,
0021500495,118,6,27,1,3:34 PM,0:38,Smart Personal Block Foul (P1.PN) (K.Fitzgerald),,,,,4.0,203935,Marcus Smart,1610612738.0,Boston,Celtics,BOS,5,101127,Jarrett Jack,1610612751.0,Brooklyn,Nets,BKN,1,0,,,,,
0021500495,119,3,11,1,3:34 PM,0:38,,,Jack Free Throw 1 of 2 (1 PTS),30 - 29,-1,5.0,101127,Jarrett Jack,1610612751.0,Brooklyn,Nets,BKN,0,0,,,,,,0,0,,,,,
0021500495,121,3,12,1,3:34 PM,0:38,,,Jack Free Throw 2 of 2 (2 PTS),31 - 29,-2,5.0,101127,Jarrett Jack,1610612751.0,Brooklyn,Nets,BKN,0,0,,,,,,0,0,,,,,
0021500495,123,2,1,1,3:34 PM,0:25,MISS Zeller 9' Jump Shot,,,,,4.0,203092,Tyler Zeller,1610612738.0,Boston,Celtics,BOS,0,0,,,,,,0,0,,,,,
0021500495,124,4,0,1,3:34 PM,0:24,,,Reed REBOUND (Off:2 Def:2),,,5.0,203186,Willie Reed,1610612751.0,Brooklyn,Nets,BKN,0,0,,,,,,0,0,,,,,
0021500495,125,2,1,1,3:35 PM,0:05,,,MISS Jack 21' Jump Shot,,,5.0,101127,Jarrett Jack,1610612751.0,Brooklyn,Nets,BKN,0,0,,,,,,0,0,,,,,
0021500495,126,4,0,1,3:35 PM,0:04,Olynyk REBOUND (Off:0 Def:2),,,,,4.0,203482,Kelly Olynyk,1610612738.0,Boston,Celtics,BOS,0,0,,,,,,0,0,,,,,
0021500495,129,2,1,1,3:35 PM,0:01,MISS Smart 29' 3PT Jump Shot,,,,,4.0,203935,Marcus Smart,1610612738.0,Boston,Celtics,BOS,0,0,,,,,,0,0,,,,,
0021500495,131,4,0,1,3:35 PM,0:00,CELTICS Rebound,,,,,2.0,1610612738,,,,,,0,0,,,,,,0,0,,,,,
0021500495,130,13,0,1,3:35 PM,0:00,,,,31 - 29,-2,0.0,0,,,,,,0,0,,,,,,0,0,,,,,
0021500495,133,12,0,2,3:38 PM,12:00,,,,31 - 29,-2,0.0,0,,,,,,0,0,,,,,,0,0,,,,,
0021500495,134,6,2,2,3:38 PM,11:47,,,Reed S.FOUL (P1.T1) (K.Fitzgerald),,,5.0,203186,Willie Reed,1610612751.0,Brooklyn,Nets,BKN,4,203092,Tyler Zeller,1610612738.0,Boston,Celtics,BOS,1,0,,,,,
0021500495,135,3,11,2,3:38 PM,11:47,MISS Zeller Free Throw 1 of 2,,,,,4.0,203092,Tyler Zeller,1610612738.0,Boston,Celtics,BOS,0,0,,,,,,0,0,,,,,
0021500495,142,4,0,2,3:38 PM,11:47,CELTICS Rebound,,,,,2.0,1610612738,,,,,,0,0,,,,,,0,0,,,,,
0021500495,137,8,0,2,3:38 PM,11:47,,,SUB: Young FOR Reed,,,5.0,203186,Willie Reed,1610612751.0,Brooklyn,Nets,BKN,5,201152,Thaddeus Young,1610612751.0,Brooklyn,Nets,BKN,0,0,,,,,
0021500495,138,3,12,2,3:39 PM,11:47,Zeller Free Throw 2 of 2 (1 PTS),,,31 - 30,-1,4.0,203092,Tyler Zeller,1610612738.0,Boston,Celtics,BOS,0,0,,,,,,0,0,,,,,
0021500495,140,1,3,2,3:39 PM,11:28,,,Young 10' Hook Shot (4 PTS) (Larkin 1 AST),33 - 30,-3,5.0,201152,Thaddeus Young,1610612751.0,Brooklyn,Nets,BKN,5,203499,Shane Larkin,1610612751.0,Brooklyn,Nets,BKN,0,0,,,,,
0021500495,143,1,1,2,3:39 PM,11:17,Olynyk 8' Jump Shot (4 PTS),,,33 - 32,-1,4.0,203482,Kelly Olynyk,1610612738.0,Boston,Celtics,BOS,0,0,,,,,,0,0,,,,,
0021500495,144,5,45,2,3:39 PM,11:04,,,Lopez Out of Bounds - Bad Pass Turnover Turnover (P2.T3),,,5.0,201572,Brook Lopez,1610612751.0,Brooklyn,Nets,BKN,0,0,,,,,,0,0,,,,,
0021500495,146,8,0,2,3:40 PM,11:04,SUB: Bradley FOR Olynyk,,,,,4.0,203482,Kelly Olynyk,1610612738.0,Boston,Celtics,BOS,4,202340,Avery Bradley,1610612738.0,Boston,Celtics,BOS,0,0,,,,,
0021500495,147,2,1,2,3:40 PM,10:50,MISS Zeller 20' Jump Shot,,,,,4.0,203092,Tyler Zeller,1610612738.0,Boston,Celtics,BOS,0,0,,,,,,0,0,,,,,
0021500495,149,4,0,2,3:40 PM,10:48,Bradley REBOUND (Off:1 Def:1),,,,,4.0,202340,Avery Bradley,1610612738.0,Boston,Celtics,BOS,0,0,,,,,,0,0,,,,,
0021500495,150,2,1,2,3:40 PM,10:41,MISS Smart 9' Jump Shot,,,,,4.0,203935,Marcus Smart,1610612738.0,Boston,Celtics,BOS,0,0,,,,,,0,0,,,,,
0021500495,151,4,0,2,3:40 PM,10:39,Smart REBOUND (Off:1 Def:0),,,,,4.0,203935,Marcus Smart,1610612738.0,Boston,Celtics,BOS,0,0,,,,,,0,0,,,,,
0021500495,152,2,1,2,3:40 PM,10:35,MISS Jerebko 13' Jump Shot,,,,,4.0,201973,Jonas Jerebko,1610612738.0,Boston,Celtics,BOS,0,0,,,,,,0,0,,,,,
0021500495,153,4,0,2,3:40 PM,10:35,,,Ellington REBOUND (Off:0 Def:2),,,5.0,201961,Wayne Ellington,1610612751.0,Brooklyn,Nets,BKN,0,0,,,,,,0,0,,,,,
0021500495,154,6,2,2,3:41 PM,10:23,Zeller S.FOUL (P1.T1) (K.Fitzgerald),,,,,4.0,203092,Tyler Zeller,1610612738.0,Boston,Celtics,BOS,5,201572,Brook Lopez,1610612751.0,Brooklyn,Nets,BKN,1,0,,,,,
0021500495,155,3,11,2,3:41 PM,10:23,,,Lopez Free Throw 1 of 2 (11 PTS),34 - 32,-2,5.0,201572,Brook Lopez,1610612751.0,Brooklyn,Nets,BKN,0,0,,,,,,0,0,,,,,
0021500495,157,8,0,2,3:41 PM,10:23,,,SUB: Johnson FOR Bogdanovic,,,5.0,202711,Bojan Bogdanovic,1610612751.0,Brooklyn,Nets,BKN,5,2207,Joe Johnson,1610612751.0,Brooklyn,Nets,BKN,0,0,,,,,
0021500495,158,3,12,2,3:41 PM,10:23,,,Lopez Free Throw 2 of 2 (12 PTS),35 - 32,-3,5.0,201572,Brook Lopez,1610612751.0,Brooklyn,Nets,BKN,0,0,,,,,,0,0,,,,,
0021500495,161,6,2,2,3:42 PM,10:15,,,Lopez S.FOUL (P1.T2) (K.Fitzgerald),,,5.0,201572,Brook Lopez,1610612751.0,Brooklyn,Nets,BKN,4,202323,Evan Turner,1610612738.0,Boston,Celtics,BOS,1,0,,,,,
0021500495,163,3,11,2,3:42 PM,10:15,Turner Free Throw 1 of 2 (1 PTS),,,35 - 33,-2,4.0,202323,Evan Turner,1610612738.0,Boston,Celtics,BOS,0,0,,,,,,0,0,,,,,
0021500495,165,3,12,2,3:42 PM,10:15,Turner Free Throw 2 of 2 (2 PTS),,,35 - 34,-1,4.0,202323,Evan Turner,1610612738.0,Boston,Celtics,BOS,0,0,,,,,,0,0,,,,,
0021500495,167,1,80,2,3:42 PM,9:55,,,Lopez 12' Step Back Jump Shot (14 PTS),37 - 34,-3,5.0,201572,Brook Lopez,1610612751.0,Brooklyn,Nets,BKN,0,0,,,,,,0,0,,,,,
0021500495,168,2,1,2,3:43 PM,9:44,MISS Bradley 25' 3PT Jump Shot,,,,,4.0,202340,Avery Bradley,1610612738.0,Boston,Celtics,BOS,0,0,,,,,,0,0,,,,,
0021500495,169,4,0,2,3:43 PM,9:42,Jerebko REBOUND (Off:1 Def:1),,,,,4.0,201973,Jonas Jerebko,1610612738.0,Boston,Celtics,BOS,0,0,,,,,,0,0,,,,,
0021500495,170,6,2,2,3:43 PM,9:37,,,Ellington S.FOUL (P1.T3) (Z.Zarba),,,5.0,201961,Wayne Ellington,1610612751.0,Brooklyn,Nets,BKN,4,203092,Tyler Zeller,1610612738.0,Boston,Celtics,BOS,1,0,,,,,
0021500495,171,3,11,2,3:43 PM,9:37,Zeller Free Throw 1 of 2 (2 PTS),,,37 - 35,-2,4.0,203092,Tyler Zeller,1610612738.0,Boston,Celtics,BOS,0,0,,,,,,0,0,,,,,
0021500495,173,3,12,2,3:43 PM,9:37,Zeller Free Throw 2 of 2 (3 PTS),,,37 - 36,-1,4.0,203092,Tyler Zeller,1610612738.0,Boston,Celtics,BOS,0,0,,,,,,0,0,,,,,
0021500495,175,1,102,2,3:44 PM,9:21,,,Young 6' Driving Floating Bank Jump Shot (6 PTS) (Ellington 2 AST),39 - 36,-3,5.0,201152,Thaddeus Young,1610612751.0,Brooklyn,Nets,BKN,5,201961,Wayne Ellington,1610612751.0,Brooklyn,Nets,BKN,0,0,,,,,
0021500495,176,1,75,2,3:44 PM,9:10,Turner  Driving Finger Roll Layup (4 PTS),,,39 - 38,-1,4.0,202323,Evan Turner,1610612738.0,Boston,Celtics,BOS,0,0,,,,,,0,0,,,,,
0021500495,177,2,1,2,3:44 PM,8:57,,,MISS Young 7' Jump Shot,,,5.0,201152,Thaddeus Young,1610612751.0,Brooklyn,Nets,BKN,0,0,,,,,,0,0,,,,,
0021500495,178,4,0,2,3:44 PM,8:57,Jerebko REBOUND (Off:1 Def:2),,,,,4.0,201973,Jonas Jerebko,1610612738.0,Boston,Celtics,BOS,0,0,,,,,,0,0,,,,,
0021500495,179,2,1,2,3:44 PM,8:50,MISS Turner 25' 3PT Jump Shot,,,,,4.0,202323,Evan Turner,1610612738.0,Boston,Celtics,BOS,0,0,,,,,,0,0,,,,,
0021500495,180,4,0,2,3:44 PM,8:49,,,Lopez REBOUND (Off:0 Def:3),,,5.0,201572,Brook Lopez,1610612751.0,Brooklyn,Nets,BKN,0,0,,,,,,0,0,,,,,
0021500495,181,2,1,2,3:44 PM,8:39,Zeller BLOCK (1 BLK),,MISS Young 3' Jump Shot,,,5.0,201152,Thaddeus Young,1610612751.0,Brooklyn,Nets,BKN,0,0,,,,,,4,203092,Tyler Zeller,1610612738.0,Boston,Celtics,BOS
0021500495,182,4,0,2,3:44 PM,8:38,Zeller REBOUND (Off:0 Def:1),,,,,4.0,203092,Tyler Zeller,1610612738.0,Boston,Celtics,BOS,0,0,,,,,,0,0,,,,,
0021500495,183,2,1,2,3:44 PM,8:32,MISS Jerebko 25' 3PT Jump Shot,,,,,4.0,201973,Jonas Jerebko,1610612738.0,Boston,Celtics,BOS,0,0,,,,,,0,0,,,,,
0021500495,184,4,0,2,3:44 PM,8:31,Zeller REBOUND (Off:1 Def:1),,,,,4.0,203092,Tyler Zeller,1610612738.0,Boston,Celtics,BOS,0,0,,,,,,0,0,,,,,
0021500495,185,5,39,2,3:45 PM,8:30,Zeller Step Out of Bounds Turnover (P1.T5),,,,,4.0,203092,Tyler Zeller,1610612738.0,Boston,Celtics,BOS,0,0,,,,,,0,0,,,,,
0021500495,186,9,4,2,3:45 PM,8:30,,,,,,1.0,0,,,,,,0,0,,,,,,0,0,,,,,
0021500495,188,8,0,2,3:47 PM,8:30,SUB: Sullinger FOR Zeller,,,,,4.0,203092,Tyler Zeller,1610612738.0,Boston,Celtics,BOS,4,203096,Jared Sullinger,1610612738.0,Boston,Celtics,BOS,0,0,,,,,
0021500495,189,7,1,2,3:47 PM,8:30,,,Nets Violation: Delay of game Violation,,,3.0,1610612751,,,,,,0,0,,,,,,1,0,,,,,
0021500495,190,2,78,2,3:47 PM,8:07,,,MISS Young 8' Floating Jump Shot,,,5.0,201152,Thaddeus Young,1610612751.0,Brooklyn,Nets,BKN,0,0,,,,,,0,0,,,,,
0021500495,192,4,0,2,3:47 PM,8:06,,,Lopez REBOUND (Off:1 Def:3),,,5.0,201572,Brook Lopez,1610612751.0,Brooklyn,Nets,BKN,0,0,,,,,,0,0,,,,,
0021500495,191,1,72,2,3:47 PM,8:06,,,Lopez 1' Putback Layup (16 PTS),41 - 38,-3,5.0,201572,Brook Lopez,1610612751.0,Brooklyn,Nets,BKN,0,0,,,,,,0,0,,,,,
0021500495,193,5,1,2,3:48 PM,7:52,Bradley Bad Pass Turnover (P1.T6),,Larkin STEAL (1 STL),,,4.0,202340,Avery Bradley,1610612738.0,Boston,Celtics,BOS,5,203499,Shane Larkin,1610612751.0,Brooklyn,Nets,BKN,0,0,,,,,
0021500495,194,1,41,2,3:48 PM,7:47,,,Young  Running Layup (8 PTS) (Johnson 2 AST),43 - 38,-5,5.0,201152,Thaddeus Young,1610612751.0,Brooklyn,Nets,BKN,5,2207,Joe Johnson,1610612751.0,Brooklyn,Nets,BKN,0,0,,,,,
0021500495,195,9,2,2,3:48 PM,7:40,CELTICS Timeout: Short (Full 1 Short 1),,,,,2.0,1610612738,,,,,,0,0,,,,,,0,0,,,,,
0021500495,197,8,0,2,3:49 PM,7:40,SUB: Johnson FOR Jerebko,,,,,4.0,201973,Jonas Jerebko,1610612738.0,Boston,Celtics,BOS,4,101161,Amir Johnson,1610612738.0,Boston,Celtics,BOS,0,0,,,,,
0021500495,198,8,0,2,3:49 PM,7:40,SUB: Thomas FOR Bradley,,,,,4.0,202340,Avery Bradley,1610612738.0,Boston,Celtics,BOS,4,202738,Isaiah Thomas,1610612738.0,Boston,Celtics,BOS,0,0,,,,,
0021500495,199,2,79,2,3:49 PM,7:31,MISS Thomas 18' Pullup Jump Shot,,,,,4.0,202738,Isaiah Thomas,1610612738.0,Boston,Celtics,BOS,0,0,,,,,,0,0,,,,,
0021500495,201,4,0,2,3:49 PM,7:30,Johnson REBOUND (Off:3 Def:0),,,,,4.0,101161,Amir Johnson,1610612738.0,Boston,Celtics,BOS,0,0,,,,,,0,0,,,,,
0021500495,200,1,87,2,3:49 PM,7:30,Johnson  Putback Dunk (6 PTS),,,43 - 40,-3,4.0,101161,Amir Johnson,1610612738.0,Boston,Celtics,BOS,0,0,,,,,,0,0,,,,,
0021500495,203,8,0,2,3:50 PM,7:12,SUB: Crowder FOR Turner,,,,,4.0,202323,Evan Turner,1610612738.0,Boston,Celtics,BOS,4,203109,Jae Crowder,1610612738.0,Boston,Celtics,BOS,0,0,,,,,
0021500495,204,1,1,2,3:50 PM,7:05,,,Young 20' Jump Shot (10 PTS),45 - 40,-5,5.0,201152,Thaddeus Young,1610612751.0,Brooklyn,Nets,BKN,0,0,,,,,,0,0,,,,,
0021500495,205,2,5,2,3:50 PM,6:47,MISS Sullinger 1' Layup,,,,,4.0,203096,Jared Sullinger,1610612738.0,Boston,Celtics,BOS,0,0,,,,,,0,0,,,,,
0021500495,207,4,0,2,3:50 PM,6:46,Sullinger REBOUND (Off:2 Def:2),,,,,4.0,203096,Jared Sullinger,1610612738.0,Boston,Celtics,BOS,0,0,,,,,,0,0,,,,,
0021500495,206,2,97,2,3:50 PM,6:46,MISS Sullinger 2' Tip Layup Shot,,,,,4.0,203096,Jared Sullinger,1610612738.0,Boston,Celtics,BOS,0,0,,,,,,0,0,,,,,
0021500495,208,4,0,2,3:50 PM,6:44,Crowder REBOUND (Off:1 Def:3),,,,,4.0,203109,Jae Crowder,1610612738.0,Boston,Celtics,BOS,0,0,,,,,,0,0,,,,,
0021500495,209,6,26,2,3:51 PM,6:38,Sullinger Offensive Charge Foul (P2.T2) (Z.Zarba),,,,,4.0,203096,Jared Sullinger,1610612738.0,Boston,Celtics,BOS,5,201152,Thaddeus Young,1610612751.0,Brooklyn,Nets,BKN,1,0,,,,,
0021500495,210,5,5,2,3:51 PM,6:38,Sullinger Foul Turnover (P3.T7),,,,,4.0,203096,Jared Sullinger,1610612738.0,Boston,Celtics,BOS,0,0,,,,,,1,0,,,,,
0021500495,212,2,86,2,3:51 PM,6:18,,,MISS Lopez 13' Turnaround Fadeaway Shot,,,5.0,201572,Brook Lopez,1610612751.0,Brooklyn,Nets,BKN,0,0,,,,,,0,0,,,,,
0021500495,213,4,0,2,3:51 PM,6:17,Thomas REBOUND (Off:0 Def:2),,,,,4.0,202738,Isaiah Thomas,1610612738.0,Boston,Celtics,BOS,0,0,,,,,,0,0,,,,,
0021500495,214,2,1,2,3:51 PM,6:10,MISS Crowder 9' Jump Shot,,,,,4.0,203109,Jae Crowder,1610612738.0,Boston,Celtics,BOS,0,0,,,,,,0,0,,,,,
0021500495,215,4,0,2,3:51 PM,6:10,,,Ellington REBOUND (Off:0 Def:3),,,5.0,201961,Wayne Ellington,1610612751.0,Brooklyn,Nets,BKN,0,0,,,,,,0,0,,,,,
0021500495,216,6,2,2,3:52 PM,5:56,Smart S.FOUL (P2.T3) (Z.Zarba),,,,,4.0,203935,Marcus Smart,1610612738.0,Boston,Celtics,BOS,5,201961,Wayne Ellington,1610612751.0,Brooklyn,Nets,BKN,1,0,,,,,
0021500495,217,9,1,2,3:52 PM,5:56,CELTICS Timeout: Regular (Full 2 Short 1),,,,,2.0,1610612738,,,,,,0,0,,,,,,0,0,,,,,
0021500495,219,6,11,2,3:52 PM,5:56,Smart T.FOUL (P2.T3) (Z.Zarba),,,,,4.0,203935,Marcus Smart,1610612738.0,Boston,Celtics,BOS,0,0,,,,,,1,0,,,,,
0021500495,221,8,0,2,3:54 PM,5:56,SUB: Turner FOR Smart,,,,,4.0,203935,Marcus Smart,1610612738.0,Boston,Celtics,BOS,4,202323,Evan Turner,1610612738.0,Boston,Celtics,BOS,0,0,,,,,
0021500495,222,8,0,2,3:54 PM,5:56,,,SUB: Jack FOR Larkin,,,5.0,203499,Shane Larkin,1610612751.0,Brooklyn,Nets,BKN,5,101127,Jarrett Jack,1610612751.0,Brooklyn,Nets,BKN,0,0,,,,,
0021500495,223,3,16,2,3:54 PM,5:56,,,Ellington Free Throw Technical (1 PTS),46 - 40,-6,5.0,201961,Wayne Ellington,1610612751.0,Brooklyn,Nets,BKN,0,0,,,,,,0,0,,,,,
0021500495,225,3,11,2,3:54 PM,5:56,,,Ellington Free Throw 1 of 2 (2 PTS),47 - 40,-7,5.0,201961,Wayne Ellington,1610612751.0,Brooklyn,Nets,BKN,0,0,,,,,,0,0,,,,,
0021500495,227,3,12,2,3:55 PM,5:56,,,Ellington Free Throw 2 of 2 (3 PTS),48 - 40,-8,5.0,201961,Wayne Ellington,1610612751.0,Brooklyn,Nets,BKN,0,0,,,,,,0,0,,,,,
0021500495,229,7,5,2,3:55 PM,5:50,,,Jack Violation:Kicked Ball (.),,,5.0,101127,Jarrett Jack,1610612751.0,Brooklyn,Nets,BKN,0,0,,,,,,0,0,,,,,
0021500495,230,2,1,2,3:55 PM,5:35,MISS Crowder 25' 3PT Jump Shot,,,,,4.0,203109,Jae Crowder,1610612738.0,Boston,Celtics,BOS,0,0,,,,,,0,0,,,,,
0021500495,231,4,0,2,3:55 PM,5:33,Johnson REBOUND (Off:4 Def:0),,,,,4.0,101161,Amir Johnson,1610612738.0,Boston,Celtics,BOS,0,0,,,,,,0,0,,,,,
0021500495,232,1,42,2,3:55 PM,5:27,Thomas 1' Driving Layup (7 PTS) (Johnson 1 AST),,,48 - 42,-6,4.0,202738,Isaiah Thomas,1610612738.0,Boston,Celtics,BOS,4,101161,Amir Johnson,1610612738.0,Boston,Celtics,BOS,0,0,,,,,
0021500495,233,2,1,2,3:56 PM,5:07,,,MISS Johnson 25' 3PT Jump Shot,,,5.0,2207,Joe Johnson,1610612751.0,Brooklyn,Nets,BKN,0,0,,,,,,0,0,,,,,
0021500495,234,4,0,2,3:56 PM,5:06,CELTICS Rebound,,,,,2.0,1610612738,,,,,,0,0,,,,,,0,0,,,,,
0021500495,236,6,2,2,3:57 PM,4:48,,,Young S.FOUL (P2.T4) (B.Taylor),,,5.0,201152,Thaddeus Young,1610612751.0,Brooklyn,Nets,BKN,4,101161,Amir Johnson,1610612738.0,Boston,Celtics,BOS,1,0,,,,,
0021500495,237,3,11,2,3:57 PM,4:48,Johnson Free Throw 1 of 2 (7 PTS),,,48 - 43,-5,4.0,101161,Amir Johnson,1610612738.0,Boston,Celtics,BOS,0,0,,,,,,0,0,,,,,
0021500495,239,8,0,2,3:57 PM,4:48,,,SUB: Reed FOR Young,,,5.0,201152,Thaddeus Young,1610612751.0,Brooklyn,Nets,BKN,5,203186,Willie Reed,1610612751.0,Brooklyn,Nets,BKN,0,0,,,,,
0021500495,240,3,12,2,3:57 PM,4:48,MISS Johnson Free Throw 2 of 2,,,,,4.0,101161,Amir Johnson,1610612738.0,Boston,Celtics,BOS,0,0,,,,,,0,0,,,,,
0021500495,242,4,0,2,3:57 PM,4:48,,,Lopez REBOUND (Off:1 Def:4),,,5.0,201572,Brook Lopez,1610612751.0,Brooklyn,Nets,BKN,0,0,,,,,,0,0,,,,,
0021500495,243,2,86,2,3:57 PM,4:32,,,MISS Johnson 18' Turnaround Fadeaway Shot,,,5.0,2207,Joe Johnson,1610612751.0,Brooklyn,Nets,BKN,0,0,,,,,,0,0,,,,,
0021500495,244,4,0,2,3:57 PM,4:31,Johnson REBOUND (Off:4 Def:1),,,,,4.0,101161,Amir Johnson,1610612738.0,Boston,Celtics,BOS,0,0,,,,,,0,0,,,,,
0021500495,245,2,1,2,3:58 PM,4:23,MISS Sullinger 27' 3PT Jump Shot,,,,,4.0,203096,Jared Sullinger,1610612738.0,Boston,Celtics,BOS,0,0,,,,,,0,0,,,,,
0021500495,246,4,0,2,3:58 PM,4:22,,,Lopez REBOUND (Off:1 Def:5),,,5.0,201572,Brook Lopez,1610612751.0,Brooklyn,Nets,BKN,0,0,,,,,,0,0,,,,,
0021500495,247,6,1,2,3:58 PM,4:07,Crowder P.FOUL (P2.T4) (B.Taylor),,,,,4.0,203109,Jae Crowder,1610612738.0,Boston,Celtics,BOS,5,101127,Jarrett Jack,1610612751.0,Brooklyn,Nets,BKN,1,0,,,,,
0021500495,248,8,0,2,3:58 PM,4:07,SUB: Lee FOR Sullinger,,,,,4.0,203096,Jared Sullinger,1610612738.0,Boston,Celtics,BOS,4,101135,David Lee,1610612738.0,Boston,Celtics,BOS,0,0,,,,,
0021500495,249,5,1,2,3:59 PM,4:03,Thomas STEAL (1 STL),,Jack Bad Pass Turnover (P1.T4),,,5.0,101127,Jarrett Jack,1610612751.0,Brooklyn,Nets,BKN,4,202738,Isaiah Thomas,1610612738.0,Boston,Celtics,BOS,0,0,,,,,
0021500495,250,6,1,2,3:59 PM,4:02,,,Jack P.FOUL (P2.PN) (Z.Zarba),,,5.0,101127,Jarrett Jack,1610612751.0,Brooklyn,Nets,BKN,4,203109,Jae Crowder,1610612738.0,Boston,Celtics,BOS,1,0,,,,,
0021500495,251,3,11,2,3:59 PM,4:02,MISS Crowder Free Throw 1 of 2,,,,,4.0,203109,Jae Crowder,1610612738.0,Boston,Celtics,BOS,0,0,,,,,,0,0,,,,,
0021500495,252,4,1,2,3:59 PM,4:02,CELTICS Rebound,,,,,2.0,1610612738,,,,,,0,0,,,,,,0,0,,,,,
0021500495,253,8,0,2,3:59 PM,4:02,,,SUB: Larkin FOR Jack,,,5.0,101127,Jarrett Jack,1610612751.0,Brooklyn,Nets,BKN,5,203499,Shane Larkin,1610612751.0,Brooklyn,Nets,BKN,0,0,,,,,
0021500495,254,3,12,2,3:59 PM,4:02,Crowder Free Throw 2 of 2 (8 PTS),,,48 - 44,-4,4.0,203109,Jae Crowder,1610612738.0,Boston,Celtics,BOS,0,0,,,,,,0,0,,,,,
0021500495,256,2,78,2,4:00 PM,3:45,,,MISS Lopez 10' Floating Jump Shot,,,5.0,201572,Brook Lopez,1610612751.0,Brooklyn,Nets,BKN,0,0,,,,,,0,0,,,,,
0021500495,257,4,0,2,4:00 PM,3:44,Johnson REBOUND (Off:4 Def:2),,,,,4.0,101161,Amir Johnson,1610612738.0,Boston,Celtics,BOS,0,0,,,,,,0,0,,,,,
0021500495,258,5,2,2,4:00 PM,3:38,Thomas Lost Ball Turnover (P2.T8),,Larkin STEAL (2 STL),,,4.0,202738,Isaiah Thomas,1610612738.0,Boston,Celtics,BOS,5,203499,Shane Larkin,1610612751.0,Brooklyn,Nets,BKN,0,0,,,,,
0021500495,260,2,1,2,4:00 PM,3:24,,,MISS Reed 8' Jump Shot,,,5.0,203186,Willie Reed,1610612751.0,Brooklyn,Nets,BKN,0,0,,,,,,0,0,,,,,
0021500495,262,4,0,2,4:00 PM,3:23,,,Reed REBOUND (Off:3 Def:2),,,5.0,203186,Willie Reed,1610612751.0,Brooklyn,Nets,BKN,0,0,,,,,,0,0,,,,,
0021500495,261,2,97,2,4:00 PM,3:23,,,MISS Reed 2' Tip Layup Shot,,,5.0,203186,Willie Reed,1610612751.0,Brooklyn,Nets,BKN,0,0,,,,,,0,0,,,,,
0021500495,263,4,0,2,4:00 PM,3:22,CELTICS Rebound,,,,,2.0,1610612738,,,,,,0,0,,,,,,0,0,,,,,
0021500495,264,6,3,2,4:00 PM,3:22,,,Lopez L.B.FOUL (P2.PN) (B.Taylor),,,5.0,201572,Brook Lopez,1610612751.0,Brooklyn,Nets,BKN,4,101135,David Lee,1610612738.0,Boston,Celtics,BOS,1,0,,,,,
0021500495,265,3,11,2,4:01 PM,3:22,MISS Lee Free Throw 1 of 2,,,,,4.0,101135,David Lee,1610612738.0,Boston,Celtics,BOS,0,0,,,,,,0,0,,,,,
0021500495,266,4,1,2,4:01 PM,3:22,CELTICS Rebound,,,,,2.0,1610612738,,,,,,0,0,,,,,,0,0,,,,,
0021500495,267,8,0,2,4:01 PM,3:22,,,SUB: Bargnani FOR Lopez,,,5.0,201572,Brook Lopez,1610612751.0,Brooklyn,Nets,BKN,5,200745,Andrea Bargnani,1610612751.0,Brooklyn,Nets,BKN,0,0,,,,,
0021500495,268,3,12,2,4:01 PM,3:22,Lee Free Throw 2 of 2 (1 PTS),,,48 - 45,-3,4.0,101135,David Lee,1610612738.0,Boston,Celtics,BOS,0,0,,,,,,0,0,,,,,
0021500495,271,2,1,2,4:01 PM,3:06,,,MISS Ellington  3PT Jump Shot,,,5.0,201961,Wayne Ellington,1610612751.0,Brooklyn,Nets,BKN,0,0,,,,,,0,0,,,,,
0021500495,272,4,0,2,4:02 PM,3:05,,,Nets Rebound,,,3.0,1610612751,,,,,,0,0,,,,,,0,0,,,,,
0021500495,273,6,3,2,4:02 PM,3:05,Turner L.B.FOUL (P1.PN) (B.Taylor),,,,,4.0,202323,Evan Turner,1610612738.0,Boston,Celtics,BOS,5,203186,Willie Reed,1610612751.0,Brooklyn,Nets,BKN,1,0,,,,,
0021500495,274,9,1,2,4:02 PM,3:05,,,Nets Timeout: Regular (Reg.2 Short 1),,,3.0,1610612751,,,,,,0,0,,,,,,0,0,,,,,
0021500495,276,2,1,2,4:04 PM,2:57,,,MISS Bargnani 21' Jump Shot,,,5.0,200745,Andrea Bargnani,1610612751.0,Brooklyn,Nets,BKN,0,0,,,,,,0,0,,,,,
0021500495,277,4,0,2,4:04 PM,2:56,Turner REBOUND (Off:0 Def:1),,,,,4.0,202323,Evan Turner,1610612738.0,Boston,Celtics,BOS,0,0,,,,,,0,0,,,,,
0021500495,278,6,2,2,4:05 PM,2:52,,,Ellington S.FOUL (P2.PN) (Z.Zarba),,,5.0,201961,Wayne Ellington,1610612751.0,Brooklyn,Nets,BKN,4,202738,Isaiah Thomas,1610612738.0,Boston,Celtics,BOS,1,0,,,,,
0021500495,279,3,11,2,4:05 PM,2:52,Thomas Free Throw 1 of 2 (8 PTS),,,48 - 46,-2,4.0,202738,Isaiah Thomas,1610612738.0,Boston,Celtics,BOS,0,0,,,,,,0,0,,,,,
0021500495,281,8,0,2,4:05 PM,2:52,,,SUB: Bogdanovic FOR Ellington,,,5.0,201961,Wayne Ellington,1610612751.0,Brooklyn,Nets,BKN,5,202711,Bojan Bogdanovic,1610612751.0,Brooklyn,Nets,BKN,0,0,,,,,
0021500495,282,3,12,2,4:05 PM,2:52,Thomas Free Throw 2 of 2 (9 PTS),,,48 - 47,-1,4.0,202738,Isaiah Thomas,1610612738.0,Boston,Celtics,BOS,0,0,,,,,,0,0,,,,,
0021500495,284,2,80,2,4:05 PM,2:35,,,MISS Bogdanovic 18' Step Back Jump Shot,,,5.0,202711,Bojan Bogdanovic,1610612751.0,Brooklyn,Nets,BKN,0,0,,,,,,0,0,,,,,
0021500495,285,4,0,2,4:06 PM,2:33,CELTICS Rebound,,,,,2.0,1610612738,,,,,,0,0,,,,,,0,0,,,,,
0021500495,286,1,108,2,4:06 PM,2:18,Lee  Cutting Dunk Shot (3 PTS) (Thomas 4 AST),,,48 - 49,1,4.0,101135,David Lee,1610612738.0,Boston,Celtics,BOS,4,202738,Isaiah Thomas,1610612738.0,Boston,Celtics,BOS,0,0,,,,,
0021500495,288,2,1,2,4:07 PM,1:58,,,MISS Johnson  3PT Jump Shot,,,5.0,2207,Joe Johnson,1610612751.0,Brooklyn,Nets,BKN,0,0,,,,,,0,0,,,,,
0021500495,289,4,0,2,4:07 PM,1:57,Crowder REBOUND (Off:1 Def:4),,,,,4.0,203109,Jae Crowder,1610612738.0,Boston,Celtics,BOS,0,0,,,,,,0,0,,,,,
0021500495,290,2,98,2,4:07 PM,1:51,MISS Lee  Cutting Layup Shot,,,,,4.0,101135,David Lee,1610612738.0,Boston,Celtics,BOS,0,0,,,,,,0,0,,,,,
0021500495,291,4,0,2,4:07 PM,1:50,,,Reed REBOUND (Off:3 Def:3),,,5.0,203186,Willie Reed,1610612751.0,Brooklyn,Nets,BKN,0,0,,,,,,0,0,,,,,
0021500495,292,6,2,2,4:07 PM,1:42,Thomas S.FOUL (P1.PN) (K.Fitzgerald),,,,,4.0,202738,Isaiah Thomas,1610612738.0,Boston,Celtics,BOS,5,203499,Shane Larkin,1610612751.0,Brooklyn,Nets,BKN,1,0,,,,,
0021500495,293,3,11,2,4:07 PM,1:42,,,Larkin Free Throw 1 of 2 (1 PTS),49 - 49,TIE,5.0,203499,Shane Larkin,1610612751.0,Brooklyn,Nets,BKN,0,0,,,,,,0,0,,,,,
0021500495,295,8,0,2,4:08 PM,1:42,,,SUB: Sloan FOR Johnson,,,5.0,2207,Joe Johnson,1610612751.0,Brooklyn,Nets,BKN,5,202388,Donald Sloan,1610612751.0,Brooklyn,Nets,BKN,0,0,,,,,
0021500495,296,3,12,2,4:08 PM,1:42,,,Larkin Free Throw 2 of 2 (2 PTS),50 - 49,-1,5.0,203499,Shane Larkin,1610612751.0,Brooklyn,Nets,BKN,0,0,,,,,,0,0,,,,,
0021500495,298,1,1,2,4:08 PM,1:26,Crowder 21' Jump Shot (10 PTS) (Lee 1 AST),,,50 - 51,1,4.0,203109,Jae Crowder,1610612738.0,Boston,Celtics,BOS,4,101135,David Lee,1610612738.0,Boston,Celtics,BOS,0,0,,,,,
0021500495,299,1,1,2,4:08 PM,1:09,,,Bargnani 19' Jump Shot (2 PTS) (Sloan 1 AST),52 - 51,-1,5.0,200745,Andrea Bargnani,1610612751.0,Brooklyn,Nets,BKN,5,202388,Donald Sloan,1610612751.0,Brooklyn,Nets,BKN,0,0,,,,,
0021500495,300,2,1,2,4:09 PM,0:47,MISS Turner  3PT Jump Shot,,,,,4.0,202323,Evan Turner,1610612738.0,Boston,Celtics,BOS,0,0,,,,,,0,0,,,,,
0021500495,301,4,0,2,4:09 PM,0:46,,,Bogdanovic REBOUND (Off:0 Def:2),,,5.0,202711,Bojan Bogdanovic,1610612751.0,Brooklyn,Nets,BKN,0,0,,,,,,0,0,,,,,
0021500495,302,6,2,2,4:09 PM,0:36,Crowder S.FOUL (P3.PN) (B.Taylor),,,,,4.0,203109,Jae Crowder,1610612738.0,Boston,Celtics,BOS,5,202711,Bojan Bogdanovic,1610612751.0,Brooklyn,Nets,BKN,1,0,,,,,
0021500495,303,3,11,2,4:09 PM,0:36,,,Bogdanovic Free Throw 1 of 2 (5 PTS),53 - 51,-2,5.0,202711,Bojan Bogdanovic,1610612751.0,Brooklyn,Nets,BKN,0,0,,,,,,0,0,,,,,
0021500495,305,8,0,2,4:09 PM,0:36,SUB: Smart FOR Crowder,,,,,4.0,203109,Jae Crowder,1610612738.0,Boston,Celtics,BOS,4,203935,Marcus Smart,1610612738.0,Boston,Celtics,BOS,0,0,,,,,
0021500495,306,8,0,2,4:09 PM,0:36,SUB: Olynyk FOR Johnson,,,,,4.0,101161,Amir Johnson,1610612738.0,Boston,Celtics,BOS,4,203482,Kelly Olynyk,1610612738.0,Boston,Celtics,BOS,0,0,,,,,
0021500495,307,3,12,2,4:10 PM,0:36,,,Bogdanovic Free Throw 2 of 2 (6 PTS),54 - 51,-3,5.0,202711,Bojan Bogdanovic,1610612751.0,Brooklyn,Nets,BKN,0,0,,,,,,0,0,,,,,
0021500495,309,1,74,2,4:10 PM,0:30,Thomas 1' Running Reverse Layup (11 PTS),,,54 - 53,-1,4.0,202738,Isaiah Thomas,1610612738.0,Boston,Celtics,BOS,0,0,,,,,,0,0,,,,,
0021500495,310,1,42,2,4:10 PM,0:11,,,Sloan 1' Driving Layup (2 PTS) (Bargnani 1 AST),56 - 53,-3,5.0,202388,Donald Sloan,1610612751.0,Brooklyn,Nets,BKN,5,200745,Andrea Bargnani,1610612751.0,Brooklyn,Nets,BKN,0,0,,,,,
0021500495,311,1,75,2,4:10 PM,0:02,Thomas 2' Driving Finger Roll Layup (13 PTS),,,56 - 55,-1,4.0,202738,Isaiah Thomas,1610612738.0,Boston,Celtics,BOS,0,0,,,,,,0,0,,,,,
0021500495,313,2,1,2,4:11 PM,0:00,,,MISS Sloan 55' 3PT Jump Shot,,,5.0,202388,Donald Sloan,1610612751.0,Brooklyn,Nets,BKN,0,0,,,,,,0,0,,,,,
0021500495,315,4,0,2,4:11 PM,0:00,,,Nets Rebound,,,3.0,1610612751,,,,,,0,0,,,,,,0,0,,,,,
0021500495,314,13,0,2,4:11 PM,0:00,,,,56 - 55,-1,0.0,0,,,,,,0,0,,,,,,0,0,,,,,
0021500495,316,12,0,3,4:26 PM,12:00,,,,56 - 55,-1,0.0,0,,,,,,0,0,,,,,,0,0,,,,,
0021500495,317,2,1,3,4:26 PM,11:44,MISS Thomas 25' 3PT Jump Shot,,,,,4.0,202738,Isaiah Thomas,1610612738.0,Boston,Celtics,BOS,0,0,,,,,,0,0,,,,,
0021500495,318,4,0,3,4:26 PM,11:43,,,Young REBOUND (Off:1 Def:1),,,5.0,201152,Thaddeus Young,1610612751.0,Brooklyn,Nets,BKN,0,0,,,,,,0,0,,,,,
0021500495,319,2,1,3,4:27 PM,11:29,,,MISS Lopez 12' Jump Shot,,,5.0,201572,Brook Lopez,1610612751.0,Brooklyn,Nets,BKN,0,0,,,,,,0,0,,,,,
0021500495,320,4,0,3,4:27 PM,11:29,,,Young REBOUND (Off:2 Def:1),,,5.0,201152,Thaddeus Young,1610612751.0,Brooklyn,Nets,BKN,0,0,,,,,,0,0,,,,,
0021500495,321,1,3,3,4:27 PM,11:26,,,Young 7' Hook Shot (12 PTS),58 - 55,-3,5.0,201152,Thaddeus Young,1610612751.0,Brooklyn,Nets,BKN,0,0,,,,,,0,0,,,,,
0021500495,322,2,1,3,4:27 PM,11:15,MISS Sullinger 17' Jump Shot,,,,,4.0,203096,Jared Sullinger,1610612738.0,Boston,Celtics,BOS,0,0,,,,,,0,0,,,,,
0021500495,323,4,0,3,4:27 PM,11:14,,,Nets Rebound,,,3.0,1610612751,,,,,,0,0,,,,,,0,0,,,,,
0021500495,324,6,3,3,4:27 PM,11:14,Johnson L.B.FOUL (P3.T1) (Z.Zarba),,,,,4.0,101161,Amir Johnson,1610612738.0,Boston,Celtics,BOS,5,201152,Thaddeus Young,1610612751.0,Brooklyn,Nets,BKN,1,0,,,,,
0021500495,325,5,2,3,4:27 PM,11:05,Crowder STEAL (1 STL),,Johnson Lost Ball Turnover (P2.T5),,,5.0,2207,Joe Johnson,1610612751.0,Brooklyn,Nets,BKN,4,203109,Jae Crowder,1610612738.0,Boston,Celtics,BOS,0,0,,,,,
0021500495,326,1,1,3,4:27 PM,10:53,Crowder 26' 3PT Jump Shot (13 PTS) (Thomas 5 AST),,,58 - 58,TIE,4.0,203109,Jae Crowder,1610612738.0,Boston,Celtics,BOS,4,202738,Isaiah Thomas,1610612738.0,Boston,Celtics,BOS,0,0,,,,,
0021500495,327,2,75,3,4:28 PM,10:25,,,MISS Lopez 3' Driving Finger Roll Layup,,,5.0,201572,Brook Lopez,1610612751.0,Brooklyn,Nets,BKN,0,0,,,,,,0,0,,,,,
0021500495,328,4,0,3,4:28 PM,10:24,,,Young REBOUND (Off:3 Def:1),,,5.0,201152,Thaddeus Young,1610612751.0,Brooklyn,Nets,BKN,0,0,,,,,,0,0,,,,,
0021500495,329,2,1,3,4:28 PM,10:18,,,MISS Johnson  3PT Jump Shot,,,5.0,2207,Joe Johnson,1610612751.0,Brooklyn,Nets,BKN,0,0,,,,,,0,0,,,,,
0021500495,330,4,0,3,4:28 PM,10:17,Turner REBOUND (Off:0 Def:2),,,,,4.0,202323,Evan Turner,1610612738.0,Boston,Celtics,BOS,0,0,,,,,,0,0,,,,,
0021500495,331,5,45,3,4:28 PM,10:07,Crowder Out of Bounds - Bad Pass Turnover Turnover (P1.T9),,,,,4.0,203109,Jae Crowder,1610612738.0,Boston,Celtics,BOS,0,0,,,,,,0,0,,,,,
0021500495,332,2,5,3,4:29 PM,10:00,,,MISS Jack  Layup,,,5.0,101127,Jarrett Jack,1610612751.0,Brooklyn,Nets,BKN,0,0,,,,,,0,0,,,,,
0021500495,334,4,0,3,4:29 PM,9:59,,,Lopez REBOUND (Off:2 Def:5),,,5.0,201572,Brook Lopez,1610612751.0,Brooklyn,Nets,BKN,0,0,,,,,,0,0,,,,,
0021500495,333,2,97,3,4:29 PM,9:59,,,MISS Lopez  Tip Layup Shot,,,5.0,201572,Brook Lopez,1610612751.0,Brooklyn,Nets,BKN,0,0,,,,,,0,0,,,,,
0021500495,336,4,0,3,4:29 PM,9:58,,,Lopez REBOUND (Off:3 Def:5),,,5.0,201572,Brook Lopez,1610612751.0,Brooklyn,Nets,BKN,0,0,,,,,,0,0,,,,,
0021500495,335,2,97,3,4:29 PM,9:58,,,MISS Lopez 1' Tip Layup Shot,,,5.0,201572,Brook Lopez,1610612751.0,Brooklyn,Nets,BKN,0,0,,,,,,0,0,,,,,
0021500495,337,4,0,3,4:29 PM,9:57,,,Lopez REBOUND (Off:4 Def:5),,,5.0,201572,Brook Lopez,1610612751.0,Brooklyn,Nets,BKN,0,0,,,,,,0,0,,,,,
0021500495,340,6,14,3,4:30 PM,9:56,Sullinger FLAGRANT.FOUL.TYPE1 (P3.T2) (Z.Zarba),,,,,4.0,203096,Jared Sullinger,1610612738.0,Boston,Celtics,BOS,5,201572,Brook Lopez,1610612751.0,Brooklyn,Nets,BKN,1,0,,,,,
0021500495,341,18,2,3,4:30 PM,9:56,,,,58 - 58,TIE,0.0,0,,,,,,0,0,,,,,,1,0,,,,,
0021500495,344,6,16,3,4:32 PM,9:56,,,,,,4.0,203109,Jae Crowder,1610612738.0,Boston,Celtics,BOS,5,101127,Jarrett Jack,1610612751.0,Brooklyn,Nets,BKN,1,0,,,,,
0021500495,345,3,18,3,4:33 PM,9:56,,,Lopez Free Throw Flagrant 1 of 2 (17 PTS),59 - 58,-1,5.0,201572,Brook Lopez,1610612751.0,Brooklyn,Nets,BKN,0,0,,,,,,0,0,,,,,
0021500495,347,3,19,3,4:33 PM,9:56,,,Lopez Free Throw Flagrant 2 of 2 (18 PTS),60 - 58,-2,5.0,201572,Brook Lopez,1610612751.0,Brooklyn,Nets,BKN,0,0,,,,,,0,0,,,,,
0021500495,350,5,1,3,4:33 PM,9:45,Crowder STEAL (2 STL),,Johnson Bad Pass Turnover (P3.T6),,,5.0,2207,Joe Johnson,1610612751.0,Brooklyn,Nets,BKN,4,203109,Jae Crowder,1610612738.0,Boston,Celtics,BOS,0,0,,,,,
0021500495,352,5,45,3,4:33 PM,9:32,Sullinger Out of Bounds - Bad Pass Turnover Turnover (P4.T10),,,,,4.0,203096,Jared Sullinger,1610612738.0,Boston,Celtics,BOS,0,0,,,,,,0,0,,,,,
0021500495,354,1,1,3,4:34 PM,9:17,,,Johnson 26' 3PT Jump Shot (12 PTS) (Lopez 1 AST),63 - 58,-5,5.0,2207,Joe Johnson,1610612751.0,Brooklyn,Nets,BKN,5,201572,Brook Lopez,1610612751.0,Brooklyn,Nets,BKN,0,0,,,,,
0021500495,355,2,1,3,4:34 PM,8:57,MISS Thomas  3PT Jump Shot,,,,,4.0,202738,Isaiah Thomas,1610612738.0,Boston,Celtics,BOS,0,0,,,,,,0,0,,,,,
0021500495,356,4,0,3,4:34 PM,8:56,,,Lopez REBOUND (Off:4 Def:6),,,5.0,201572,Brook Lopez,1610612751.0,Brooklyn,Nets,BKN,0,0,,,,,,0,0,,,,,
0021500495,358,2,1,3,4:35 PM,8:34,,,MISS Jack 8' Jump Shot,,,5.0,101127,Jarrett Jack,1610612751.0,Brooklyn,Nets,BKN,0,0,,,,,,0,0,,,,,
0021500495,359,4,0,3,4:35 PM,8:33,Johnson REBOUND (Off:4 Def:3),,,,,4.0,101161,Amir Johnson,1610612738.0,Boston,Celtics,BOS,0,0,,,,,,0,0,,,,,
0021500495,361,5,2,3,4:35 PM,8:16,Sullinger Lost Ball Turnover (P5.T11),,Young STEAL (1 STL),,,4.0,203096,Jared Sullinger,1610612738.0,Boston,Celtics,BOS,5,201152,Thaddeus Young,1610612751.0,Brooklyn,Nets,BKN,0,0,,,,,
0021500495,362,6,1,3,4:35 PM,8:09,Turner P.FOUL (P2.T3) (B.Taylor),,,,,4.0,202323,Evan Turner,1610612738.0,Boston,Celtics,BOS,5,201572,Brook Lopez,1610612751.0,Brooklyn,Nets,BKN,1,0,,,,,
0021500495,363,2,1,3,4:35 PM,7:58,,,MISS Jack 25' 3PT Jump Shot,,,5.0,101127,Jarrett Jack,1610612751.0,Brooklyn,Nets,BKN,0,0,,,,,,0,0,,,,,
0021500495,364,4,0,3,4:36 PM,7:57,Turner REBOUND (Off:0 Def:3),,,,,4.0,202323,Evan Turner,1610612738.0,Boston,Celtics,BOS,0,0,,,,,,0,0,,,,,
0021500495,365,2,1,3,4:36 PM,7:45,MISS Thomas 10' Jump Shot,,,,,4.0,202738,Isaiah Thomas,1610612738.0,Boston,Celtics,BOS,0,0,,,,,,0,0,,,,,
0021500495,366,4,0,3,4:36 PM,7:44,,,Young REBOUND (Off:3 Def:2),,,5.0,201152,Thaddeus Young,1610612751.0,Brooklyn,Nets,BKN,0,0,,,,,,0,0,,,,,
0021500495,367,1,58,3,4:36 PM,7:37,,,Young 7' Turnaround Hook Shot (14 PTS) (Jack 8 AST),65 - 58,-7,5.0,201152,Thaddeus Young,1610612751.0,Brooklyn,Nets,BKN,5,101127,Jarrett Jack,1610612751.0,Brooklyn,Nets,BKN,0,0,,,,,
0021500495,368,2,86,3,4:36 PM,7:13,MISS Turner 12' Turnaround Fadeaway Shot,,,,,4.0,202323,Evan Turner,1610612738.0,Boston,Celtics,BOS,0,0,,,,,,0,0,,,,,
0021500495,369,4,0,3,4:36 PM,7:12,,,Johnson REBOUND (Off:0 Def:1),,,5.0,2207,Joe Johnson,1610612751.0,Brooklyn,Nets,BKN,0,0,,,,,,0,0,,,,,
0021500495,370,1,1,3,4:36 PM,7:00,,,Johnson 22' Jump Shot (14 PTS),67 - 58,-9,5.0,2207,Joe Johnson,1610612751.0,Brooklyn,Nets,BKN,0,0,,,,,,0,0,,,,,
0021500495,371,9,1,3,4:37 PM,7:00,CELTICS Timeout: Regular (Full 3 Short 1),,,,,2.0,1610612738,,,,,,0,0,,,,,,0,0,,,,,
0021500495,373,8,0,3,4:38 PM,7:00,SUB: Lee FOR Johnson,,,,,4.0,101161,Amir Johnson,1610612738.0,Boston,Celtics,BOS,4,101135,David Lee,1610612738.0,Boston,Celtics,BOS,0,0,,,,,
0021500495,374,8,0,3,4:39 PM,7:00,SUB: Olynyk FOR Sullinger,,,,,4.0,203096,Jared Sullinger,1610612738.0,Boston,Celtics,BOS,4,203482,Kelly Olynyk,1610612738.0,Boston,Celtics,BOS,0,0,,,,,
0021500495,375,2,1,3,4:39 PM,6:48,MISS Crowder 25' 3PT Jump Shot,,,,,4.0,203109,Jae Crowder,1610612738.0,Boston,Celtics,BOS,0,0,,,,,,0,0,,,,,
0021500495,376,4,0,3,4:39 PM,6:47,,,Bogdanovic REBOUND (Off:0 Def:3),,,5.0,202711,Bojan Bogdanovic,1610612751.0,Brooklyn,Nets,BKN,0,0,,,,,,0,0,,,,,
0021500495,377,2,1,3,4:39 PM,6:32,,,MISS Johnson 11' Jump Shot,,,5.0,2207,Joe Johnson,1610612751.0,Brooklyn,Nets,BKN,0,0,,,,,,0,0,,,,,
0021500495,378,4,0,3,4:39 PM,6:31,Olynyk REBOUND (Off:0 Def:3),,,,,4.0,203482,Kelly Olynyk,1610612738.0,Boston,Celtics,BOS,0,0,,,,,,0,0,,,,,
0021500495,379,1,76,3,4:39 PM,6:25,Thomas  Running Finger Roll Layup (15 PTS),,,67 - 60,-7,4.0,202738,Isaiah Thomas,1610612738.0,Boston,Celtics,BOS,0,0,,,,,,0,0,,,,,
0021500495,380,2,3,3,4:40 PM,6:04,,,MISS Lopez 9' Hook Shot,,,5.0,201572,Brook Lopez,1610612751.0,Brooklyn,Nets,BKN,0,0,,,,,,0,0,,,,,
0021500495,381,4,0,3,4:40 PM,6:02,,,Young REBOUND (Off:4 Def:2),,,5.0,201152,Thaddeus Young,1610612751.0,Brooklyn,Nets,BKN,0,0,,,,,,0,0,,,,,
0021500495,382,6,2,3,4:40 PM,5:59,Crowder S.FOUL (P4.T4) (K.Fitzgerald),,,,,4.0,203109,Jae Crowder,1610612738.0,Boston,Celtics,BOS,5,202711,Bojan Bogdanovic,1610612751.0,Brooklyn,Nets,BKN,1,0,,,,,
0021500495,383,3,11,3,4:41 PM,5:59,,,Bogdanovic Free Throw 1 of 2 (7 PTS),68 - 60,-8,5.0,202711,Bojan Bogdanovic,1610612751.0,Brooklyn,Nets,BKN,0,0,,,,,,0,0,,,,,
0021500495,385,8,0,3,4:41 PM,5:59,SUB: Smart FOR Crowder,,,,,4.0,203109,Jae Crowder,1610612738.0,Boston,Celtics,BOS,4,203935,Marcus Smart,1610612738.0,Boston,Celtics,BOS,0,0,,,,,
0021500495,386,3,12,3,4:41 PM,5:59,,,Bogdanovic Free Throw 2 of 2 (8 PTS),69 - 60,-9,5.0,202711,Bojan Bogdanovic,1610612751.0,Brooklyn,Nets,BKN,0,0,,,,,,0,0,,,,,
0021500495,388,2,1,3,4:42 PM,5:40,MISS Turner 18' Jump Shot,,,,,4.0,202323,Evan Turner,1610612738.0,Boston,Celtics,BOS,0,0,,,,,,0,0,,,,,
0021500495,389,4,0,3,4:42 PM,5:39,Smart REBOUND (Off:2 Def:0),,,,,4.0,203935,Marcus Smart,1610612738.0,Boston,Celtics,BOS,0,0,,,,,,0,0,,,,,
0021500495,390,6,2,3,4:42 PM,5:38,,,Young S.FOUL (P3.T1) (Z.Zarba),,,5.0,201152,Thaddeus Young,1610612751.0,Brooklyn,Nets,BKN,4,203935,Marcus Smart,1610612738.0,Boston,Celtics,BOS,1,0,,,,,
0021500495,391,3,11,3,4:42 PM,5:38,Smart Free Throw 1 of 2 (1 PTS),,,69 - 61,-8,4.0,203935,Marcus Smart,1610612738.0,Boston,Celtics,BOS,0,0,,,,,,0,0,,,,,
0021500495,393,3,12,3,4:42 PM,5:38,Smart Free Throw 2 of 2 (2 PTS),,,69 - 62,-7,4.0,203935,Marcus Smart,1610612738.0,Boston,Celtics,BOS,0,0,,,,,,0,0,,,,,
0021500495,395,2,1,3,4:42 PM,5:26,,,MISS Johnson 24' 3PT Jump Shot,,,5.0,2207,Joe Johnson,1610612751.0,Brooklyn,Nets,BKN,0,0,,,,,,0,0,,,,,
0021500495,396,4,0,3,4:42 PM,5:25,Olynyk REBOUND (Off:0 Def:4),,,,,4.0,203482,Kelly Olynyk,1610612738.0,Boston,Celtics,BOS,0,0,,,,,,0,0,,,,,
0021500495,397,2,58,3,4:43 PM,5:14,MISS Lee 8' Turnaround Hook Shot,,,,,4.0,101135,David Lee,1610612738.0,Boston,Celtics,BOS,0,0,,,,,,0,0,,,,,
0021500495,398,4,0,3,4:43 PM,5:13,,,Young REBOUND (Off:4 Def:3),,,5.0,201152,Thaddeus Young,1610612751.0,Brooklyn,Nets,BKN,0,0,,,,,,0,0,,,,,
0021500495,399,1,63,3,4:43 PM,5:02,,,Lopez 9' Fadeaway Jumper (20 PTS),71 - 62,-9,5.0,201572,Brook Lopez,1610612751.0,Brooklyn,Nets,BKN,0,0,,,,,,0,0,,,,,
0021500495,400,6,2,3,4:43 PM,5:02,Lee S.FOUL (P1.PN) (Z.Zarba),,,,,4.0,101135,David Lee,1610612738.0,Boston,Celtics,BOS,5,201572,Brook Lopez,1610612751.0,Brooklyn,Nets,BKN,1,0,,,,,
0021500495,401,3,10,3,4:43 PM,5:02,,,Lopez Free Throw 1 of 1 (21 PTS),72 - 62,-10,5.0,201572,Brook Lopez,1610612751.0,Brooklyn,Nets,BKN,0,0,,,,,,0,0,,,,,
0021500495,403,6,2,3,4:44 PM,4:39,,,Young S.FOUL (P4.T2) (K.Fitzgerald),,,5.0,201152,Thaddeus Young,1610612751.0,Brooklyn,Nets,BKN,4,203935,Marcus Smart,1610612738.0,Boston,Celtics,BOS,1,0,,,,,
0021500495,404,18,0,3,4:44 PM,4:39,,,,,,,403,,,,,,0,0,,,,,,1,0,,,,,
0021500495,405,3,13,3,4:44 PM,4:39,Smart Free Throw 1 of 3 (3 PTS),,,72 - 63,-9,4.0,203935,Marcus Smart,1610612738.0,Boston,Celtics,BOS,0,0,,,,,,0,0,,,,,
0021500495,407,3,14,3,4:45 PM,4:39,MISS Smart Free Throw 2 of 3,,,,,4.0,203935,Marcus Smart,1610612738.0,Boston,Celtics,BOS,0,0,,,,,,0,0,,,,,
0021500495,408,4,1,3,4:45 PM,4:39,CELTICS Rebound,,,,,2.0,1610612738,,,,,,0,0,,,,,,0,0,,,,,
0021500495,409,8,0,3,4:45 PM,4:39,,,SUB: Reed FOR Young,,,5.0,201152,Thaddeus Young,1610612751.0,Brooklyn,Nets,BKN,5,203186,Willie Reed,1610612751.0,Brooklyn,Nets,BKN,0,0,,,,,
0021500495,410,8,0,3,4:45 PM,4:39,,,SUB: Ellington FOR Johnson,,,5.0,2207,Joe Johnson,1610612751.0,Brooklyn,Nets,BKN,5,201961,Wayne Ellington,1610612751.0,Brooklyn,Nets,BKN,0,0,,,,,
0021500495,411,3,15,3,4:45 PM,4:39,MISS Smart Free Throw 3 of 3,,,,,4.0,203935,Marcus Smart,1610612738.0,Boston,Celtics,BOS,0,0,,,,,,0,0,,,,,
0021500495,413,4,0,3,4:45 PM,4:39,,,Lopez REBOUND (Off:4 Def:7),,,5.0,201572,Brook Lopez,1610612751.0,Brooklyn,Nets,BKN,0,0,,,,,,0,0,,,,,
0021500495,415,1,1,3,4:45 PM,4:27,,,Reed 13' Jump Shot (6 PTS) (Jack 9 AST),74 - 63,-11,5.0,203186,Willie Reed,1610612751.0,Brooklyn,Nets,BKN,5,101127,Jarrett Jack,1610612751.0,Brooklyn,Nets,BKN,0,0,,,,,
0021500495,416,1,1,3,4:45 PM,4:10,Olynyk 25' 3PT Jump Shot (7 PTS) (Smart 1 AST),,,74 - 66,-8,4.0,203482,Kelly Olynyk,1610612738.0,Boston,Celtics,BOS,4,203935,Marcus Smart,1610612738.0,Boston,Celtics,BOS,0,0,,,,,
0021500495,417,1,1,3,4:46 PM,3:52,,,Bogdanovic  3PT Jump Shot (11 PTS) (Lopez 2 AST),77 - 66,-11,5.0,202711,Bojan Bogdanovic,1610612751.0,Brooklyn,Nets,BKN,5,201572,Brook Lopez,1610612751.0,Brooklyn,Nets,BKN,0,0,,,,,
0021500495,418,2,5,3,4:46 PM,3:39,MISS Lee 2' Layup,,Jack BLOCK (1 BLK),,,4.0,101135,David Lee,1610612738.0,Boston,Celtics,BOS,0,0,,,,,,5,101127,Jarrett Jack,1610612751.0,Brooklyn,Nets,BKN
0021500495,419,4,0,3,4:46 PM,3:38,,,Ellington REBOUND (Off:0 Def:4),,,5.0,201961,Wayne Ellington,1610612751.0,Brooklyn,Nets,BKN,0,0,,,,,,0,0,,,,,
0021500495,420,2,3,3,4:46 PM,3:20,,,MISS Lopez 7' Hook Shot,,,5.0,201572,Brook Lopez,1610612751.0,Brooklyn,Nets,BKN,0,0,,,,,,0,0,,,,,
0021500495,421,4,0,3,4:46 PM,3:20,Turner REBOUND (Off:0 Def:4),,,,,4.0,202323,Evan Turner,1610612738.0,Boston,Celtics,BOS,0,0,,,,,,0,0,,,,,
0021500495,422,2,1,3,4:46 PM,3:11,MISS Lee 7' Jump Shot,,,,,4.0,101135,David Lee,1610612738.0,Boston,Celtics,BOS,0,0,,,,,,0,0,,,,,
0021500495,423,4,0,3,4:46 PM,3:10,,,Ellington REBOUND (Off:0 Def:5),,,5.0,201961,Wayne Ellington,1610612751.0,Brooklyn,Nets,BKN,0,0,,,,,,0,0,,,,,
0021500495,425,9,1,3,4:47 PM,3:06,,,Nets Timeout: Regular (Reg.3 Short 1),,,3.0,1610612751,,,,,,0,0,,,,,,0,0,,,,,
0021500495,427,8,0,3,4:49 PM,3:06,,,SUB: Larkin FOR Jack,,,5.0,101127,Jarrett Jack,1610612751.0,Brooklyn,Nets,BKN,5,203499,Shane Larkin,1610612751.0,Brooklyn,Nets,BKN,0,0,,,,,
0021500495,428,2,1,3,4:50 PM,2:49,,,MISS Reed 16' Jump Shot,,,5.0,203186,Willie Reed,1610612751.0,Brooklyn,Nets,BKN,0,0,,,,,,0,0,,,,,
0021500495,429,4,0,3,4:50 PM,2:48,Lee REBOUND (Off:0 Def:1),,,,,4.0,101135,David Lee,1610612738.0,Boston,Celtics,BOS,0,0,,,,,,0,0,,,,,
0021500495,430,2,1,3,4:50 PM,2:42,MISS Olynyk 25' 3PT Jump Shot,,,,,4.0,203482,Kelly Olynyk,1610612738.0,Boston,Celtics,BOS,0,0,,,,,,0,0,,,,,
0021500495,431,4,0,3,4:50 PM,2:40,,,Larkin REBOUND (Off:0 Def:1),,,5.0,203499,Shane Larkin,1610612751.0,Brooklyn,Nets,BKN,0,0,,,,,,0,0,,,,,
0021500495,432,6,4,3,4:50 PM,2:33,,,Lopez OFF.Foul (P3) (B.Taylor),,,5.0,201572,Brook Lopez,1610612751.0,Brooklyn,Nets,BKN,4,202738,Isaiah Thomas,1610612738.0,Boston,Celtics,BOS,1,0,,,,,
0021500495,433,5,5,3,4:50 PM,2:33,,,Lopez Foul Turnover (P3.T7),,,5.0,201572,Brook Lopez,1610612751.0,Brooklyn,Nets,BKN,0,0,,,,,,1,0,,,,,
0021500495,434,8,0,3,4:50 PM,2:33,SUB: Jerebko FOR Olynyk,,,,,4.0,203482,Kelly Olynyk,1610612738.0,Boston,Celtics,BOS,4,201973,Jonas Jerebko,1610612738.0,Boston,Celtics,BOS,0,0,,,,,
0021500495,435,2,78,3,4:51 PM,2:24,MISS Thomas 7' Floating Jump Shot,,,,,4.0,202738,Isaiah Thomas,1610612738.0,Boston,Celtics,BOS,0,0,,,,,,0,0,,,,,
0021500495,436,4,0,3,4:51 PM,2:23,,,Reed REBOUND (Off:3 Def:4),,,5.0,203186,Willie Reed,1610612751.0,Brooklyn,Nets,BKN,0,0,,,,,,0,0,,,,,
0021500495,437,6,11,3,4:51 PM,2:21,Thomas T.FOUL (P1.PN) (B.Taylor),,,,,4.0,202738,Isaiah Thomas,1610612738.0,Boston,Celtics,BOS,0,0,,,,,,1,0,,,,,
0021500495,438,3,16,3,4:51 PM,2:21,,,MISS Ellington Free Throw Technical,,,5.0,201961,Wayne Ellington,1610612751.0,Brooklyn,Nets,BKN,0,0,,,,,,0,0,,,,,
0021500495,439,4,1,3,4:51 PM,2:21,,,Nets Rebound,,,3.0,1610612751,,,,,,0,0,,,,,,0,0,,,,,
0021500495,440,8,0,3,4:51 PM,2:21,SUB: Young FOR Turner,,,,,4.0,202323,Evan Turner,1610612738.0,Boston,Celtics,BOS,4,203923,James Young,1610612738.0,Boston,Celtics,BOS,0,0,,,,,
0021500495,441,8,0,3,4:51 PM,2:21,,,SUB: Bargnani FOR Lopez,,,5.0,201572,Brook Lopez,1610612751.0,Brooklyn,Nets,BKN,5,200745,Andrea Bargnani,1610612751.0,Brooklyn,Nets,BKN,0,0,,,,,
0021500495,442,8,0,3,4:51 PM,2:21,,,SUB: Sloan FOR Reed,,,5.0,203186,Willie Reed,1610612751.0,Brooklyn,Nets,BKN,5,202388,Donald Sloan,1610612751.0,Brooklyn,Nets,BKN,0,0,,,,,
0021500495,443,2,1,3,4:52 PM,2:07,,,MISS Ellington  3PT Jump Shot,,,5.0,201961,Wayne Ellington,1610612751.0,Brooklyn,Nets,BKN,0,0,,,,,,0,0,,,,,
0021500495,445,4,0,3,4:52 PM,2:05,,,Bargnani REBOUND (Off:1 Def:0),,,5.0,200745,Andrea Bargnani,1610612751.0,Brooklyn,Nets,BKN,0,0,,,,,,0,0,,,,,
0021500495,444,1,97,3,4:52 PM,2:05,,,Bargnani 1' Tip Layup Shot (4 PTS),79 - 66,-13,5.0,200745,Andrea Bargnani,1610612751.0,Brooklyn,Nets,BKN,0,0,,,,,,0,0,,,,,
0021500495,446,1,45,3,4:52 PM,1:52,Thomas 11' Jump Shot (17 PTS),,,79 - 68,-11,4.0,202738,Isaiah Thomas,1610612738.0,Boston,Celtics,BOS,0,0,,,,,,0,0,,,,,
0021500495,447,1,42,3,4:52 PM,1:34,,,Bogdanovic 2' Driving Layup (13 PTS),81 - 68,-13,5.0,202711,Bojan Bogdanovic,1610612751.0,Brooklyn,Nets,BKN,0,0,,,,,,0,0,,,,,
0021500495,449,8,0,3,4:53 PM,1:29,SUB: Johnson FOR Lee,,,,,4.0,101135,David Lee,1610612738.0,Boston,Celtics,BOS,4,101161,Amir Johnson,1610612738.0,Boston,Celtics,BOS,0,0,,,,,
0021500495,450,2,1,3,4:53 PM,1:21,MISS Smart  3PT Jump Shot,,,,,4.0,203935,Marcus Smart,1610612738.0,Boston,Celtics,BOS,0,0,,,,,,0,0,,,,,
0021500495,451,4,0,3,4:53 PM,1:20,Jerebko REBOUND (Off:2 Def:2),,,,,4.0,201973,Jonas Jerebko,1610612738.0,Boston,Celtics,BOS,0,0,,,,,,0,0,,,,,
0021500495,452,2,5,3,4:53 PM,1:19,MISS Jerebko  Layup,,,,,4.0,201973,Jonas Jerebko,1610612738.0,Boston,Celtics,BOS,0,0,,,,,,0,0,,,,,
0021500495,453,4,0,3,4:53 PM,1:18,,,Bogdanovic REBOUND (Off:0 Def:4),,,5.0,202711,Bojan Bogdanovic,1610612751.0,Brooklyn,Nets,BKN,0,0,,,,,,0,0,,,,,
0021500495,454,5,1,3,4:53 PM,1:03,Smart STEAL (1 STL),,Bogdanovic Bad Pass Turnover (P1.T8),,,5.0,202711,Bojan Bogdanovic,1610612751.0,Brooklyn,Nets,BKN,4,203935,Marcus Smart,1610612738.0,Boston,Celtics,BOS,0,0,,,,,
0021500495,455,2,79,3,4:53 PM,0:56,MISS Thomas 27' 3PT Pullup Jump Shot,,,,,4.0,202738,Isaiah Thomas,1610612738.0,Boston,Celtics,BOS,0,0,,,,,,0,0,,,,,
0021500495,456,4,0,3,4:53 PM,0:55,,,Bogdanovic REBOUND (Off:0 Def:5),,,5.0,202711,Bojan Bogdanovic,1610612751.0,Brooklyn,Nets,BKN,0,0,,,,,,0,0,,,,,
0021500495,458,2,57,3,4:54 PM,0:34,,,MISS Bogdanovic 12' Driving Hook Shot,,,5.0,202711,Bojan Bogdanovic,1610612751.0,Brooklyn,Nets,BKN,0,0,,,,,,0,0,,,,,
0021500495,459,4,0,3,4:54 PM,0:33,Young REBOUND (Off:0 Def:1),,,,,4.0,203923,James Young,1610612738.0,Boston,Celtics,BOS,0,0,,,,,,0,0,,,,,
0021500495,460,1,75,3,4:54 PM,0:26,Smart 2' Driving Finger Roll Layup (5 PTS),,,81 - 70,-11,4.0,203935,Marcus Smart,1610612738.0,Boston,Celtics,BOS,0,0,,,,,,0,0,,,,,
0021500495,461,6,2,3,4:54 PM,0:26,,,Bogdanovic S.FOUL (P2.T3) (B.Taylor),,,5.0,202711,Bojan Bogdanovic,1610612751.0,Brooklyn,Nets,BKN,4,203935,Marcus Smart,1610612738.0,Boston,Celtics,BOS,1,0,,,,,
0021500495,462,3,10,3,4:55 PM,0:26,Smart Free Throw 1 of 1 (6 PTS),,,81 - 71,-10,4.0,203935,Marcus Smart,1610612738.0,Boston,Celtics,BOS,0,0,,,,,,0,0,,,,,
0021500495,464,2,80,3,4:55 PM,0:04,,,MISS Bogdanovic 26' 3PT Step Back Jump Shot,,,5.0,202711,Bojan Bogdanovic,1610612751.0,Brooklyn,Nets,BKN,0,0,,,,,,0,0,,,,,
0021500495,465,4,0,3,4:55 PM,0:03,Johnson REBOUND (Off:4 Def:4),,,,,4.0,101161,Amir Johnson,1610612738.0,Boston,Celtics,BOS,0,0,,,,,,0,0,,,,,
0021500495,466,2,1,3,4:55 PM,0:00,MISS Thomas 34' 3PT Jump Shot,,,,,4.0,202738,Isaiah Thomas,1610612738.0,Boston,Celtics,BOS,0,0,,,,,,0,0,,,,,
0021500495,468,4,0,3,4:55 PM,0:00,CELTICS Rebound,,,,,2.0,1610612738,,,,,,0,0,,,,,,0,0,,,,,
0021500495,467,13,0,3,4:55 PM,0:00,,,,81 - 71,-10,0.0,0,,,,,,0,0,,,,,,0,0,,,,,
0021500495,470,12,0,4,4:58 PM,12:00,,,,81 - 71,-10,0.0,0,,,,,,0,0,,,,,,0,0,,,,,
0021500495,471,5,45,4,4:58 PM,11:43,,,Larkin Out of Bounds - Bad Pass Turnover Turnover (P1.T9),,,5.0,203499,Shane Larkin,1610612751.0,Brooklyn,Nets,BKN,0,0,,,,,,0,0,,,,,
0021500495,472,2,1,4,4:59 PM,11:25,MISS Smart 26' 3PT Jump Shot,,,,,4.0,203935,Marcus Smart,1610612738.0,Boston,Celtics,BOS,0,0,,,,,,0,0,,,,,
0021500495,473,4,0,4,4:59 PM,11:24,,,Bargnani REBOUND (Off:1 Def:1),,,5.0,200745,Andrea Bargnani,1610612751.0,Brooklyn,Nets,BKN,0,0,,,,,,0,0,,,,,
0021500495,474,6,1,4,4:59 PM,11:15,Johnson P.FOUL (P4.T1) (Z.Zarba),,,,,4.0,101161,Amir Johnson,1610612738.0,Boston,Celtics,BOS,5,200745,Andrea Bargnani,1610612751.0,Brooklyn,Nets,BKN,1,0,,,,,
0021500495,475,2,1,4,5:00 PM,11:07,,,MISS Larkin 12' Jump Shot,,,5.0,203499,Shane Larkin,1610612751.0,Brooklyn,Nets,BKN,0,0,,,,,,0,0,,,,,
0021500495,476,4,0,4,5:00 PM,11:06,Jerebko REBOUND (Off:2 Def:3),,,,,4.0,201973,Jonas Jerebko,1610612738.0,Boston,Celtics,BOS,0,0,,,,,,0,0,,,,,
0021500495,477,6,1,4,5:00 PM,11:00,,,Sloan P.FOUL (P1.T1) (B.Taylor),,,5.0,202388,Donald Sloan,1610612751.0,Brooklyn,Nets,BKN,4,202323,Evan Turner,1610612738.0,Boston,Celtics,BOS,1,0,,,,,
0021500495,478,1,42,4,5:00 PM,10:54,Smart 2' Driving Layup (8 PTS) (Turner 1 AST),,,81 - 73,-8,4.0,203935,Marcus Smart,1610612738.0,Boston,Celtics,BOS,4,202323,Evan Turner,1610612738.0,Boston,Celtics,BOS,0,0,,,,,
0021500495,479,2,1,4,5:00 PM,10:33,,,MISS Ellington 25' 3PT Jump Shot,,,5.0,201961,Wayne Ellington,1610612751.0,Brooklyn,Nets,BKN,0,0,,,,,,0,0,,,,,
0021500495,480,4,0,4,5:00 PM,10:32,Jerebko REBOUND (Off:2 Def:4),,,,,4.0,201973,Jonas Jerebko,1610612738.0,Boston,Celtics,BOS,0,0,,,,,,0,0,,,,,
0021500495,481,6,1,4,5:01 PM,10:27,,,Larkin P.FOUL (P1.T2) (K.Fitzgerald),,,5.0,203499,Shane Larkin,1610612751.0,Brooklyn,Nets,BKN,4,203935,Marcus Smart,1610612738.0,Boston,Celtics,BOS,1,0,,,,,
0021500495,482,1,1,4,5:01 PM,10:19,Jerebko 26' 3PT Jump Shot (5 PTS) (Turner 2 AST),,,81 - 76,-5,4.0,201973,Jonas Jerebko,1610612738.0,Boston,Celtics,BOS,4,202323,Evan Turner,1610612738.0,Boston,Celtics,BOS,0,0,,,,,
0021500495,483,9,1,4,5:01 PM,10:19,,,Nets Timeout: Regular (Reg.4 Short 1),,,3.0,1610612751,,,,,,0,0,,,,,,0,0,,,,,
0021500495,485,6,1,4,5:04 PM,10:01,Smart P.FOUL (P3.T2) (K.Fitzgerald),,,,,4.0,203935,Marcus Smart,1610612738.0,Boston,Celtics,BOS,5,2207,Joe Johnson,1610612751.0,Brooklyn,Nets,BKN,1,0,,,,,
0021500495,486,1,80,4,5:04 PM,9:49,,,Johnson 15' Step Back Jump Shot (16 PTS) (Larkin 2 AST),83 - 76,-7,5.0,2207,Joe Johnson,1610612751.0,Brooklyn,Nets,BKN,5,203499,Shane Larkin,1610612751.0,Brooklyn,Nets,BKN,0,0,,,,,
0021500495,487,1,5,4,5:04 PM,9:39,Smart 3' Layup (10 PTS) (Jerebko 1 AST),,,83 - 78,-5,4.0,203935,Marcus Smart,1610612738.0,Boston,Celtics,BOS,4,201973,Jonas Jerebko,1610612738.0,Boston,Celtics,BOS,0,0,,,,,
0021500495,488,6,2,4,5:04 PM,9:39,,,Larkin S.FOUL (P2.T3) (K.Fitzgerald),,,5.0,203499,Shane Larkin,1610612751.0,Brooklyn,Nets,BKN,4,203935,Marcus Smart,1610612738.0,Boston,Celtics,BOS,1,0,,,,,
0021500495,489,8,0,4,5:05 PM,9:39,,,SUB: Lopez FOR Bargnani,,,5.0,200745,Andrea Bargnani,1610612751.0,Brooklyn,Nets,BKN,5,201572,Brook Lopez,1610612751.0,Brooklyn,Nets,BKN,0,0,,,,,
0021500495,490,8,0,4,5:05 PM,9:39,,,SUB: Young FOR Larkin,,,5.0,203499,Shane Larkin,1610612751.0,Brooklyn,Nets,BKN,5,201152,Thaddeus Young,1610612751.0,Brooklyn,Nets,BKN,0,0,,,,,
0021500495,491,3,10,4,5:05 PM,9:39,Smart Free Throw 1 of 1 (11 PTS),,,83 - 79,-4,4.0,203935,Marcus Smart,1610612738.0,Boston,Celtics,BOS,0,0,,,,,,0,0,,,,,
0021500495,493,5,40,4,5:05 PM,9:21,,,Lopez Out of Bounds Lost Ball Turnover (P4.T10),,,5.0,201572,Brook Lopez,1610612751.0,Brooklyn,Nets,BKN,0,0,,,,,,0,0,,,,,
0021500495,494,6,2,4,5:06 PM,9:03,,,Lopez S.FOUL (P4.T4) (B.Taylor),,,5.0,201572,Brook Lopez,1610612751.0,Brooklyn,Nets,BKN,4,202323,Evan Turner,1610612738.0,Boston,Celtics,BOS,1,0,,,,,
0021500495,495,3,11,4,5:06 PM,9:03,Turner Free Throw 1 of 2 (5 PTS),,,83 - 80,-3,4.0,202323,Evan Turner,1610612738.0,Boston,Celtics,BOS,0,0,,,,,,0,0,,,,,
0021500495,497,3,12,4,5:06 PM,9:03,Turner Free Throw 2 of 2 (6 PTS),,,83 - 81,-2,4.0,202323,Evan Turner,1610612738.0,Boston,Celtics,BOS,0,0,,,,,,0,0,,,,,
0021500495,499,2,57,4,5:07 PM,8:51,,,MISS Young 7' Driving Hook Shot,,,5.0,201152,Thaddeus Young,1610612751.0,Brooklyn,Nets,BKN,0,0,,,,,,0,0,,,,,
0021500495,500,4,0,4,5:07 PM,8:50,Johnson REBOUND (Off:4 Def:5),,,,,4.0,101161,Amir Johnson,1610612738.0,Boston,Celtics,BOS,0,0,,,,,,0,0,,,,,
0021500495,501,1,80,4,5:07 PM,8:38,Turner 15' Step Back Jump Shot (8 PTS),,,83 - 83,TIE,4.0,202323,Evan Turner,1610612738.0,Boston,Celtics,BOS,0,0,,,,,,0,0,,,,,
0021500495,502,9,2,4,5:07 PM,8:38,,,Nets Timeout: Short (Reg.4 Short 2),,,3.0,1610612751,,,,,,0,0,,,,,,0,0,,,,,
0021500495,504,8,0,4,5:08 PM,8:38,,,SUB: Larkin FOR Sloan,,,5.0,202388,Donald Sloan,1610612751.0,Brooklyn,Nets,BKN,5,203499,Shane Larkin,1610612751.0,Brooklyn,Nets,BKN,0,0,,,,,
0021500495,505,1,47,4,5:09 PM,8:24,,,Lopez 8' Turnaround Jump Shot (23 PTS),85 - 83,-2,5.0,201572,Brook Lopez,1610612751.0,Brooklyn,Nets,BKN,0,0,,,,,,0,0,,,,,
0021500495,506,6,2,4,5:09 PM,8:24,Johnson S.FOUL (P5.T3) (B.Taylor),,,,,4.0,101161,Amir Johnson,1610612738.0,Boston,Celtics,BOS,5,201572,Brook Lopez,1610612751.0,Brooklyn,Nets,BKN,1,0,,,,,
0021500495,507,3,10,4,5:09 PM,8:24,,,Lopez Free Throw 1 of 1 (24 PTS),86 - 83,-3,5.0,201572,Brook Lopez,1610612751.0,Brooklyn,Nets,BKN,0,0,,,,,,0,0,,,,,
0021500495,509,1,73,4,5:09 PM,8:03,Turner 1' Driving Reverse Layup (10 PTS),,,86 - 85,-1,4.0,202323,Evan Turner,1610612738.0,Boston,Celtics,BOS,0,0,,,,,,0,0,,,,,
0021500495,510,2,78,4,5:10 PM,7:44,,,MISS Johnson 8' Floating Jump Shot,,,5.0,2207,Joe Johnson,1610612751.0,Brooklyn,Nets,BKN,0,0,,,,,,0,0,,,,,
0021500495,511,4,0,4,5:10 PM,7:43,Johnson REBOUND (Off:4 Def:6),,,,,4.0,101161,Amir Johnson,1610612738.0,Boston,Celtics,BOS,0,0,,,,,,0,0,,,,,
0021500495,512,5,45,4,5:10 PM,7:39,Turner Out of Bounds - Bad Pass Turnover Turnover (P1.T12),,,,,4.0,202323,Evan Turner,1610612738.0,Boston,Celtics,BOS,0,0,,,,,,0,0,,,,,
0021500495,513,8,0,4,5:10 PM,7:39,SUB: Crowder FOR Johnson,,,,,4.0,101161,Amir Johnson,1610612738.0,Boston,Celtics,BOS,4,203109,Jae Crowder,1610612738.0,Boston,Celtics,BOS,0,0,,,,,
0021500495,514,1,1,4,5:11 PM,7:14,,,Ellington 20' Jump Shot (5 PTS) (Larkin 3 AST),88 - 85,-3,5.0,201961,Wayne Ellington,1610612751.0,Brooklyn,Nets,BKN,5,203499,Shane Larkin,1610612751.0,Brooklyn,Nets,BKN,0,0,,,,,
0021500495,515,2,1,4,5:11 PM,7:03,MISS Turner 24' 3PT Jump Shot,,,,,4.0,202323,Evan Turner,1610612738.0,Boston,Celtics,BOS,0,0,,,,,,0,0,,,,,
0021500495,516,4,0,4,5:11 PM,7:02,,,Ellington REBOUND (Off:0 Def:6),,,5.0,201961,Wayne Ellington,1610612751.0,Brooklyn,Nets,BKN,0,0,,,,,,0,0,,,,,
0021500495,517,2,5,4,5:11 PM,6:38,,,MISS Johnson 3' Layup,,,5.0,2207,Joe Johnson,1610612751.0,Brooklyn,Nets,BKN,0,0,,,,,,0,0,,,,,
0021500495,518,4,0,4,5:11 PM,6:37,,,Lopez REBOUND (Off:5 Def:7),,,5.0,201572,Brook Lopez,1610612751.0,Brooklyn,Nets,BKN,0,0,,,,,,0,0,,,,,
0021500495,519,1,72,4,5:11 PM,6:34,,,Lopez 2' Putback Layup (26 PTS),90 - 85,-5,5.0,201572,Brook Lopez,1610612751.0,Brooklyn,Nets,BKN,0,0,,,,,,0,0,,,,,
0021500495,520,2,1,4,5:11 PM,6:25,MISS Crowder 27' 3PT Jump Shot,,,,,4.0,203109,Jae Crowder,1610612738.0,Boston,Celtics,BOS,0,0,,,,,,0,0,,,,,
0021500495,521,4,0,4,5:11 PM,6:24,,,Larkin REBOUND (Off:0 Def:2),,,5.0,203499,Shane Larkin,1610612751.0,Brooklyn,Nets,BKN,0,0,,,,,,0,0,,,,,
0021500495,522,2,1,4,5:12 PM,6:12,,,MISS Larkin 26' 3PT Jump Shot,,,5.0,203499,Shane Larkin,1610612751.0,Brooklyn,Nets,BKN,0,0,,,,,,0,0,,,,,
0021500495,523,4,0,4,5:12 PM,6:11,Turner REBOUND (Off:0 Def:5),,,,,4.0,202323,Evan Turner,1610612738.0,Boston,Celtics,BOS,0,0,,,,,,0,0,,,,,
0021500495,524,9,1,4,5:12 PM,6:10,CELTICS Timeout: Regular (Full 4 Short 1),,,,,2.0,1610612738,,,,,,0,0,,,,,,0,0,,,,,
0021500495,526,8,0,4,5:14 PM,6:10,SUB: Thomas FOR Smart,,,,,4.0,203935,Marcus Smart,1610612738.0,Boston,Celtics,BOS,4,202738,Isaiah Thomas,1610612738.0,Boston,Celtics,BOS,0,0,,,,,
0021500495,527,8,0,4,5:14 PM,6:10,SUB: Johnson FOR Young,,,,,4.0,203923,James Young,1610612738.0,Boston,Celtics,BOS,4,101161,Amir Johnson,1610612738.0,Boston,Celtics,BOS,0,0,,,,,
0021500495,528,8,0,4,5:14 PM,6:10,,,SUB: Bogdanovic FOR Ellington,,,5.0,201961,Wayne Ellington,1610612751.0,Brooklyn,Nets,BKN,5,202711,Bojan Bogdanovic,1610612751.0,Brooklyn,Nets,BKN,0,0,,,,,
0021500495,529,2,1,4,5:14 PM,5:54,MISS Jerebko 25' 3PT Jump Shot,,,,,4.0,201973,Jonas Jerebko,1610612738.0,Boston,Celtics,BOS,0,0,,,,,,0,0,,,,,
0021500495,530,4,0,4,5:14 PM,5:53,,,Lopez REBOUND (Off:5 Def:8),,,5.0,201572,Brook Lopez,1610612751.0,Brooklyn,Nets,BKN,0,0,,,,,,0,0,,,,,
0021500495,531,1,78,4,5:15 PM,5:34,,,Lopez 10' Floating Jump Shot (28 PTS) (Larkin 4 AST),92 - 85,-7,5.0,201572,Brook Lopez,1610612751.0,Brooklyn,Nets,BKN,5,203499,Shane Larkin,1610612751.0,Brooklyn,Nets,BKN,0,0,,,,,
0021500495,532,1,73,4,5:15 PM,5:20,Thomas 1' Driving Reverse Layup (19 PTS),,,92 - 87,-5,4.0,202738,Isaiah Thomas,1610612738.0,Boston,Celtics,BOS,0,0,,,,,,0,0,,,,,
0021500495,533,2,3,4,5:15 PM,5:03,,,MISS Lopez 9' Hook Shot,,,5.0,201572,Brook Lopez,1610612751.0,Brooklyn,Nets,BKN,0,0,,,,,,0,0,,,,,
0021500495,534,4,0,4,5:15 PM,5:02,Jerebko REBOUND (Off:2 Def:5),,,,,4.0,201973,Jonas Jerebko,1610612738.0,Boston,Celtics,BOS,0,0,,,,,,0,0,,,,,
0021500495,535,2,3,4,5:15 PM,4:47,MISS Johnson 7' Hook Shot,,,,,4.0,101161,Amir Johnson,1610612738.0,Boston,Celtics,BOS,0,0,,,,,,0,0,,,,,
0021500495,536,4,0,4,5:16 PM,4:46,,,Bogdanovic REBOUND (Off:0 Def:6),,,5.0,202711,Bojan Bogdanovic,1610612751.0,Brooklyn,Nets,BKN,0,0,,,,,,0,0,,,,,
0021500495,537,6,1,4,5:16 PM,4:29,Thomas P.FOUL (P2.T4) (Z.Zarba),,,,,4.0,202738,Isaiah Thomas,1610612738.0,Boston,Celtics,BOS,5,201572,Brook Lopez,1610612751.0,Brooklyn,Nets,BKN,1,0,,,,,
0021500495,538,8,0,4,5:16 PM,4:29,SUB: Smart FOR Jerebko,,,,,4.0,201973,Jonas Jerebko,1610612738.0,Boston,Celtics,BOS,4,203935,Marcus Smart,1610612738.0,Boston,Celtics,BOS,0,0,,,,,
0021500495,539,2,1,4,5:16 PM,4:23,,,MISS Bogdanovic 8' Jump Shot,,,5.0,202711,Bojan Bogdanovic,1610612751.0,Brooklyn,Nets,BKN,0,0,,,,,,0,0,,,,,
0021500495,540,4,0,4,5:16 PM,4:22,,,Young REBOUND (Off:5 Def:3),,,5.0,201152,Thaddeus Young,1610612751.0,Brooklyn,Nets,BKN,0,0,,,,,,0,0,,,,,
0021500495,541,2,1,4,5:16 PM,4:19,,,MISS Johnson 24' 3PT Jump Shot,,,5.0,2207,Joe Johnson,1610612751.0,Brooklyn,Nets,BKN,0,0,,,,,,0,0,,,,,
0021500495,542,4,0,4,5:16 PM,4:16,,,Nets Rebound,,,3.0,1610612751,,,,,,0,0,,,,,,0,0,,,,,
0021500495,543,2,86,4,5:17 PM,4:05,,,MISS Lopez 12' Turnaround Fadeaway Shot,,,5.0,201572,Brook Lopez,1610612751.0,Brooklyn,Nets,BKN,0,0,,,,,,0,0,,,,,
0021500495,544,4,0,4,5:17 PM,4:04,Turner REBOUND (Off:0 Def:6),,,,,4.0,202323,Evan Turner,1610612738.0,Boston,Celtics,BOS,0,0,,,,,,0,0,,,,,
0021500495,545,2,5,4,5:17 PM,3:57,MISS Turner 2' Layup,,,,,4.0,202323,Evan Turner,1610612738.0,Boston,Celtics,BOS,0,0,,,,,,0,0,,,,,
0021500495,547,4,0,4,5:17 PM,3:55,Crowder REBOUND (Off:2 Def:4),,,,,4.0,203109,Jae Crowder,1610612738.0,Boston,Celtics,BOS,0,0,,,,,,0,0,,,,,
0021500495,546,2,97,4,5:17 PM,3:55,MISS Crowder 1' Tip Layup Shot,,,,,4.0,203109,Jae Crowder,1610612738.0,Boston,Celtics,BOS,0,0,,,,,,0,0,,,,,
0021500495,548,4,0,4,5:17 PM,3:54,,,Larkin REBOUND (Off:0 Def:3),,,5.0,203499,Shane Larkin,1610612751.0,Brooklyn,Nets,BKN,0,0,,,,,,0,0,,,,,
0021500495,549,1,80,4,5:17 PM,3:34,,,Johnson 16' Step Back Jump Shot (18 PTS),94 - 87,-7,5.0,2207,Joe Johnson,1610612751.0,Brooklyn,Nets,BKN,0,0,,,,,,0,0,,,,,
0021500495,550,1,1,4,5:18 PM,3:19,Thomas 26' 3PT Jump Shot (22 PTS) (Johnson 2 AST),,,94 - 90,-4,4.0,202738,Isaiah Thomas,1610612738.0,Boston,Celtics,BOS,4,101161,Amir Johnson,1610612738.0,Boston,Celtics,BOS,0,0,,,,,
0021500495,551,6,1,4,5:18 PM,2:55,Crowder P.FOUL (P5.PN) (Z.Zarba),,,,,4.0,203109,Jae Crowder,1610612738.0,Boston,Celtics,BOS,5,201152,Thaddeus Young,1610612751.0,Brooklyn,Nets,BKN,1,0,,,,,
0021500495,552,9,4,4,5:18 PM,2:55,,,,,,1.0,0,,,,,,0,0,,,,,,0,0,,,,,
0021500495,554,8,0,4,5:20 PM,2:55,SUB: Olynyk FOR Johnson,,,,,4.0,101161,Amir Johnson,1610612738.0,Boston,Celtics,BOS,4,203482,Kelly Olynyk,1610612738.0,Boston,Celtics,BOS,0,0,,,,,
0021500495,555,3,11,4,5:21 PM,2:55,,,Young Free Throw 1 of 2 (15 PTS),95 - 90,-5,5.0,201152,Thaddeus Young,1610612751.0,Brooklyn,Nets,BKN,0,0,,,,,,0,0,,,,,
0021500495,557,3,12,4,5:21 PM,2:55,,,Young Free Throw 2 of 2 (16 PTS),96 - 90,-6,5.0,201152,Thaddeus Young,1610612751.0,Brooklyn,Nets,BKN,0,0,,,,,,0,0,,,,,
0021500495,559,2,1,4,5:21 PM,2:38,MISS Olynyk 25' 3PT Jump Shot,,,,,4.0,203482,Kelly Olynyk,1610612738.0,Boston,Celtics,BOS,0,0,,,,,,0,0,,,,,
0021500495,560,4,0,4,5:21 PM,2:37,,,Young REBOUND (Off:5 Def:4),,,5.0,201152,Thaddeus Young,1610612751.0,Brooklyn,Nets,BKN,0,0,,,,,,0,0,,,,,
0021500495,561,1,79,4,5:22 PM,2:22,,,Johnson 18' Pullup Jump Shot (20 PTS),98 - 90,-8,5.0,2207,Joe Johnson,1610612751.0,Brooklyn,Nets,BKN,0,0,,,,,,0,0,,,,,
0021500495,562,5,45,4,5:22 PM,2:11,Crowder Out of Bounds - Bad Pass Turnover Turnover (P2.T13),,,,,4.0,203109,Jae Crowder,1610612738.0,Boston,Celtics,BOS,0,0,,,,,,0,0,,,,,
0021500495,563,6,26,4,5:22 PM,2:02,,,Larkin Offensive Charge Foul (P3.PN) (K.Fitzgerald),,,5.0,203499,Shane Larkin,1610612751.0,Brooklyn,Nets,BKN,4,203109,Jae Crowder,1610612738.0,Boston,Celtics,BOS,1,0,,,,,
0021500495,564,5,5,4,5:22 PM,2:02,,,Larkin Foul Turnover (P2.T11),,,5.0,203499,Shane Larkin,1610612751.0,Brooklyn,Nets,BKN,0,0,,,,,,1,0,,,,,
0021500495,565,2,1,4,5:23 PM,1:52,MISS Thomas 14' Jump Shot,,,,,4.0,202738,Isaiah Thomas,1610612738.0,Boston,Celtics,BOS,0,0,,,,,,0,0,,,,,
0021500495,566,4,0,4,5:23 PM,1:52,,,Young REBOUND (Off:5 Def:5),,,5.0,201152,Thaddeus Young,1610612751.0,Brooklyn,Nets,BKN,0,0,,,,,,0,0,,,,,
0021500495,567,2,1,4,5:23 PM,1:30,,,MISS Larkin 24' 3PT Jump Shot,,,5.0,203499,Shane Larkin,1610612751.0,Brooklyn,Nets,BKN,0,0,,,,,,0,0,,,,,
0021500495,568,4,0,4,5:23 PM,1:27,Crowder REBOUND (Off:2 Def:5),,,,,4.0,203109,Jae Crowder,1610612738.0,Boston,Celtics,BOS,0,0,,,,,,0,0,,,,,
0021500495,569,5,39,4,5:24 PM,1:22,Olynyk Step Out of Bounds Turnover (P2.T14),,,,,4.0,203482,Kelly Olynyk,1610612738.0,Boston,Celtics,BOS,0,0,,,,,,1,0,,,,,
0021500495,570,8,0,4,5:24 PM,1:22,SUB: Johnson FOR Olynyk,,,,,4.0,203482,Kelly Olynyk,1610612738.0,Boston,Celtics,BOS,4,101161,Amir Johnson,1610612738.0,Boston,Celtics,BOS,0,0,,,,,
0021500495,571,2,1,4,5:24 PM,1:00,,,MISS Lopez 9' Jump Shot,,,5.0,201572,Brook Lopez,1610612751.0,Brooklyn,Nets,BKN,0,0,,,,,,0,0,,,,,
0021500495,572,4,0,4,5:24 PM,0:58,Johnson REBOUND (Off:4 Def:7),,,,,4.0,101161,Amir Johnson,1610612738.0,Boston,Celtics,BOS,0,0,,,,,,0,0,,,,,
0021500495,573,1,98,4,5:24 PM,0:55,Thomas 2' Cutting Layup Shot (24 PTS) (Turner 3 AST),,,98 - 92,-6,4.0,202738,Isaiah Thomas,1610612738.0,Boston,Celtics,BOS,4,202323,Evan Turner,1610612738.0,Boston,Celtics,BOS,0,0,,,,,
0021500495,574,5,1,4,5:25 PM,0:42,Thomas STEAL (2 STL),,Larkin Bad Pass Turnover (P3.T12),,,5.0,203499,Shane Larkin,1610612751.0,Brooklyn,Nets,BKN,4,202738,Isaiah Thomas,1610612738.0,Boston,Celtics,BOS,0,0,,,,,
0021500495,575,1,5,4,5:25 PM,0:39,Crowder  Layup (15 PTS) (Thomas 6 AST),,,98 - 94,-4,4.0,203109,Jae Crowder,1610612738.0,Boston,Celtics,BOS,4,202738,Isaiah Thomas,1610612738.0,Boston,Celtics,BOS,0,0,,,,,
0021500495,576,6,2,4,5:25 PM,0:39,,,Johnson S.FOUL (P2.PN) (K.Fitzgerald),,,5.0,2207,Joe Johnson,1610612751.0,Brooklyn,Nets,BKN,4,203109,Jae Crowder,1610612738.0,Boston,Celtics,BOS,1,0,,,,,
0021500495,577,8,0,4,5:25 PM,0:39,,,SUB: Sloan FOR Bogdanovic,,,5.0,202711,Bojan Bogdanovic,1610612751.0,Brooklyn,Nets,BKN,5,202388,Donald Sloan,1610612751.0,Brooklyn,Nets,BKN,0,0,,,,,
0021500495,578,3,10,4,5:25 PM,0:39,Crowder Free Throw 1 of 1 (16 PTS),,,98 - 95,-3,4.0,203109,Jae Crowder,1610612738.0,Boston,Celtics,BOS,0,0,,,,,,0,0,,,,,
0021500495,580,9,1,4,5:26 PM,0:36,,,Nets Timeout: Regular (Reg.5 Short 2),,,3.0,1610612751,,,,,,0,0,,,,,,0,0,,,,,
0021500495,582,1,7,4,5:28 PM,0:26,,,Lopez  Dunk (30 PTS) (Young 1 AST),100 - 95,-5,5.0,201572,Brook Lopez,1610612751.0,Brooklyn,Nets,BKN,5,201152,Thaddeus Young,1610612751.0,Brooklyn,Nets,BKN,0,0,,,,,
0021500495,583,9,2,4,5:28 PM,0:26,CELTICS Timeout: Short (Full 4 Short 2),,,,,2.0,1610612738,,,,,,0,0,,,,,,0,0,,,,,
0021500495,585,2,1,4,5:29 PM,0:23,MISS Crowder 24' 3PT Jump Shot,,,,,4.0,203109,Jae Crowder,1610612738.0,Boston,Celtics,BOS,0,0,,,,,,0,0,,,,,
0021500495,586,4,0,4,5:29 PM,0:23,,,Larkin REBOUND (Off:0 Def:4),,,5.0,203499,Shane Larkin,1610612751.0,Brooklyn,Nets,BKN,0,0,,,,,,0,0,,,,,
0021500495,587,5,1,4,5:29 PM,0:19,Smart STEAL (2 STL),,Larkin Bad Pass Turnover (P4.T13),,,5.0,203499,Shane Larkin,1610612751.0,Brooklyn,Nets,BKN,4,203935,Marcus Smart,1610612738.0,Boston,Celtics,BOS,0,0,,,,,
0021500495,588,2,1,4,5:29 PM,0:14,MISS Thomas 27' 3PT Jump Shot,,,,,4.0,202738,Isaiah Thomas,1610612738.0,Boston,Celtics,BOS,0,0,,,,,,0,0,,,,,
0021500495,589,4,0,4,5:29 PM,0:13,Turner REBOUND (Off:1 Def:6),,,,,4.0,202323,Evan Turner,1610612738.0,Boston,Celtics,BOS,0,0,,,,,,0,0,,,,,
0021500495,590,1,72,4,5:29 PM,0:11,Turner 2' Putback Layup (12 PTS),,,100 - 97,-3,4.0,202323,Evan Turner,1610612738.0,Boston,Celtics,BOS,0,0,,,,,,0,0,,,,,
0021500495,591,9,2,4,5:29 PM,0:11,,,Nets Timeout: Short (Reg.5 Short 3),,,3.0,1610612751,,,,,,0,0,,,,,,0,0,,,,,
0021500495,592,8,0,4,5:30 PM,0:11,SUB: Jerebko FOR Johnson,,,,,4.0,101161,Amir Johnson,1610612738.0,Boston,Celtics,BOS,4,201973,Jonas Jerebko,1610612738.0,Boston,Celtics,BOS,0,0,,,,,
0021500495,593,8,0,4,5:30 PM,0:11,,,SUB: Ellington FOR Sloan,,,5.0,202388,Donald Sloan,1610612751.0,Brooklyn,Nets,BKN,5,201961,Wayne Ellington,1610612751.0,Brooklyn,Nets,BKN,0,0,,,,,
0021500495,594,5,1,4,5:31 PM,0:10,Smart STEAL (3 STL),,Young Bad Pass Turnover (P1.T14),,,5.0,201152,Thaddeus Young,1610612751.0,Brooklyn,Nets,BKN,4,203935,Marcus Smart,1610612738.0,Boston,Celtics,BOS,0,0,,,,,
0021500495,595,2,1,4,5:31 PM,0:02,MISS Jerebko  3PT Jump Shot,,,,,4.0,201973,Jonas Jerebko,1610612738.0,Boston,Celtics,BOS,0,0,,,,,,0,0,,,,,
0021500495,596,4,0,4,5:31 PM,0:01,Smart REBOUND (Off:3 Def:0),,,,,4.0,203935,Marcus Smart,1610612738.0,Boston,Celtics,BOS,0,0,,,,,,0,0,,,,,
0021500495,597,13,0,4,5:31 PM,0:00,,,,100 - 97,-3,0.0,0,,,,,,0,0,,,,,,0,0,,,,,
